date,timestamp,container_name,token_count,tokens_per_second,audio_duration,real_time_factor,container_runtime_sec,wer,mer,wil,wip,cer,threads,start_type
2025-05-08,12:55:02,whisper-tiny_en-ubi9-minimal_harvard_gpu_hyperparam_warm_f97dfe0f,,NA,18.356,0.595,10.9131,NA,NA,NA,NA,NA,3,warm
2025-05-08,12:55:02,whisper-tiny_en-ubi9-minimal_harvard_gpu_basic_warm_3146ebc1,,NA,18.356,0.572,10.4941,NA,NA,NA,NA,NA,3,warm
2025-05-08,12:55:02,whisper-tiny_en-ubi9-minimal_harvard_gpu_basic_cold_c5dbbdcb,43,4.23,18.356,0.554,10.1642,0.0000,0.0000,0.0000,1.0000,0.0000,3,cold
2025-05-08,12:55:13,whisper-tiny_en-ubi9-minimal_jfk-audio-inaugural-address-20-january-1961_gpu_basic_cold_3fb298b3,,NA,930.142,0.012,10.8966,NA,NA,NA,NA,NA,3,cold
2025-05-08,12:55:13,whisper-tiny_en-ubi9-minimal_jfk-audio-inaugural-address-20-january-1961_gpu_basic_warm_a0f9dceb,,NA,930.142,0.012,10.936,NA,NA,NA,NA,NA,3,warm
2025-05-08,12:55:14,whisper-tiny_en-ubi9-minimal_harvard_gpu_hyperparam_cold_03ba75fe,,NA,18.356,1.256,23.0548,NA,NA,NA,NA,NA,3,cold
2025-05-08,12:55:31,whisper-tiny_en-ubi9-minimal_jfk-audio-inaugural-address-20-january-1961_gpu_hyperparam_warm_36ec030d,,NA,930.142,0.019,17.4884,NA,NA,NA,NA,NA,3,warm
2025-05-08,12:55:34,whisper-tiny_en-ubi9-minimal_jfk-audio-inaugural-address-20-january-1961_gpu_hyperparam_cold_5a017572,,NA,930.142,0.034,31.583,NA,NA,NA,NA,NA,3,cold
2025-05-08,12:55:50,whisper-tiny_en-ubi9-minimal_harvard_cpu_hyperparam_warm_556423b2,43,0.74,18.356,3.180,58.3767,0.0000,0.0000,0.0000,1.0000,0.0000,3,warm
2025-05-08,12:55:50,whisper-tiny_en-ubi9-minimal_harvard_cpu_hyperparam_cold_9075b3c7,,NA,18.356,3.205,58.8335,NA,NA,NA,NA,NA,3,cold
2025-05-08,12:55:52,whisper-tiny_en-ubi9-minimal_harvard_cpu_basic_cold_16d00583,43,0.71,18.356,3.304,60.6505,0.0000,0.0000,0.0000,1.0000,0.0000,3,cold
2025-05-08,12:55:54,whisper-tiny_en-ubi9-minimal_harvard_cpu_basic_warm_51c7cbf5,43,0.70,18.356,3.352,61.531,0.0000,0.0000,0.0000,1.0000,0.0000,3,warm
2025-05-08,12:56:06,whisper-tiny_en-ubi9-minimal_jfk-audio-rice-university-12-september-1962_gpu_hyperparam_cold_2bd43660,,NA,1107.122,0.012,13.1545,NA,NA,NA,NA,NA,3,cold
2025-05-08,12:56:06,whisper-tiny_en-ubi9-minimal_jfk-audio-rice-university-12-september-1962_gpu_basic_cold_a535d6c5,,NA,1107.122,0.014,15.1855,NA,NA,NA,NA,NA,3,cold
2025-05-08,12:56:06,whisper-tiny_en-ubi9-minimal_jfk-audio-rice-university-12-september-1962_gpu_hyperparam_warm_2f91a725,,NA,1107.122,0.010,11.5673,NA,NA,NA,NA,NA,3,warm
2025-05-08,12:57:37,whisper-base_en-ubi9-minimal_harvard_cpu_hyperparam_cold_6cdca017,43,0.48,18.356,4.926,90.4212,0.0000,0.0000,0.0000,1.0000,0.0000,3,cold
2025-05-08,12:57:40,whisper-base_en-ubi9-minimal_harvard_cpu_basic_cold_59c8cad6,43,0.46,18.356,5.053,92.7471,0.0000,0.0000,0.0000,1.0000,0.0000,3,cold
2025-05-08,12:57:48,whisper-base_en-ubi9-minimal_harvard_cpu_basic_warm_9ab4f22d,43,0.42,18.356,5.548,101.848,0.0000,0.0000,0.0000,1.0000,0.0000,3,warm
2025-05-08,12:58:19,whisper-base_en-ubi9-minimal_harvard_gpu_basic_cold_75554c6d,43,1.14,18.356,2.055,37.7209,0.0000,0.0000,0.0000,1.0000,0.0000,3,cold
2025-05-08,12:58:31,whisper-base_en-ubi9-minimal_harvard_gpu_basic_warm_7c465fa4,43,1.04,18.356,2.263,41.5368,0.0000,0.0000,0.0000,1.0000,0.0000,3,warm
2025-05-08,12:58:48,whisper-base_en-ubi9-minimal_harvard_cpu_hyperparam_warm_6f8637a4,43,0.62,18.356,3.758,68.9905,0.0000,0.0000,0.0000,1.0000,0.0000,3,warm
2025-05-08,12:58:57,whisper-base_en-ubi9-minimal_harvard_gpu_hyperparam_cold_a40efc3d,43,1.15,18.356,2.040,37.4546,0.0000,0.0000,0.0000,1.0000,0.0000,3,cold
2025-05-08,12:59:02,whisper-tiny_en-ubi9-minimal_jfk-audio-rice-university-12-september-1962_gpu_basic_warm_7bba807a,2232,11.69,1107.122,0.172,190.964,0.4230,0.4182,0.5764,0.4236,0.0688,3,warm
2025-05-08,12:59:03,whisper-base_en-ubi9-minimal_harvard_gpu_hyperparam_warm_b2068ce8,43,1.37,18.356,1.709,31.3661,0.0000,0.0000,0.0000,1.0000,0.0000,3,warm
2025-05-08,13:32:39,whisper-tiny_en-ubi9-minimal_jfk-audio-inaugural-address-20-january-1961_cpu_basic_cold_7857867b,1436,0.63,930.142,2.438,2267.86,0.2630,0.2489,0.3648,0.6352,0.0915,3,cold
2025-05-08,13:32:44,whisper-tiny_en-ubi9-minimal_jfk-audio-inaugural-address-20-january-1961_cpu_basic_warm_bedd607b,1428,0.63,930.142,2.443,2272.78,0.2585,0.2457,0.3619,0.6381,0.0852,3,warm
2025-05-08,13:32:49,whisper-tiny_en-ubi9-minimal_jfk-audio-inaugural-address-20-january-1961_cpu_hyperparam_cold_795de07d,1453,0.64,930.142,2.448,2276.96,0.2757,0.2577,0.3722,0.6278,0.1007,3,cold
2025-05-08,13:33:10,whisper-tiny_en-ubi9-minimal_jfk-audio-inaugural-address-20-january-1961_cpu_hyperparam_warm_f8787e5e,1448,0.63,930.142,2.471,2298.18,0.2652,0.2505,0.3662,0.6338,0.1104,3,warm
2025-05-08,13:33:12,whisper-base_en-ubi9-minimal_jfk-audio-inaugural-address-20-january-1961_gpu_hyperparam_cold_8f84da86,,NA,930.142,0.024,22.4981,NA,NA,NA,NA,NA,3,cold
2025-05-08,13:33:34,whisper-base_en-ubi9-minimal_jfk-audio-inaugural-address-20-january-1961_gpu_hyperparam_warm_acb2ab9c,,NA,930.142,0.025,23.7118,NA,NA,NA,NA,NA,3,warm
2025-05-08,13:35:07,whisper-base_en-ubi9-minimal_jfk-audio-inaugural-address-20-january-1961_cpu_hyperparam_cold_5ebf82ea,1436,0.66,930.142,2.326,2163.68,0.2637,0.2495,0.3653,0.6347,0.0917,3,cold
2025-05-08,13:35:32,whisper-base_en-ubi9-minimal_jfk-audio-inaugural-address-20-january-1961_gpu_basic_cold_a01398fa,1426,8.28,930.142,0.185,172.323,0.2224,0.2111,0.3080,0.6920,0.0809,3,cold
2025-05-08,13:35:34,whisper-base_en-ubi9-minimal_jfk-audio-inaugural-address-20-january-1961_gpu_basic_warm_c7ef9b32,1451,8.58,930.142,0.182,169.046,0.2389,0.2233,0.3192,0.6808,0.0998,3,warm
2025-05-08,13:36:48,whisper-base_en-ubi9-minimal_jfk-audio-inaugural-address-20-january-1961_cpu_basic_cold_14fb2c78,1474,0.65,930.142,2.450,2279.03,0.2915,0.2687,0.3826,0.6174,0.1183,3,cold
2025-05-08,13:36:57,whisper-base_en-ubi9-minimal_jfk-audio-inaugural-address-20-january-1961_cpu_hyperparam_warm_cc21b0d7,1455,0.64,930.142,2.443,2272.07,0.2772,0.2589,0.3738,0.6262,0.1042,3,warm
2025-05-08,13:37:00,whisper-base_en-ubi9-minimal_jfk-audio-inaugural-address-20-january-1961_cpu_basic_warm_8ea5ed91,1485,0.65,930.142,2.454,2282.18,0.2938,0.2702,0.3840,0.6160,0.1321,3,warm
2025-05-08,13:37:18,whisper-base_en-ubi9-minimal_jfk-audio-rice-university-12-september-1962_gpu_hyperparam_cold_a69fabb3,,NA,1107.122,0.019,21.0096,NA,NA,NA,NA,NA,3,cold
2025-05-08,13:37:41,whisper-base_en-ubi9-minimal_jfk-audio-rice-university-12-september-1962_gpu_hyperparam_warm_002c3f61,,NA,1107.122,0.036,40.2219,NA,NA,NA,NA,NA,3,warm
2025-05-08,13:38:30,whisper-base_en-ubi9-minimal_jfk-audio-rice-university-12-september-1962_gpu_basic_cold_d19b2fcb,2234,12.77,1107.122,0.158,174.887,0.4253,0.4217,0.5818,0.4182,0.0716,3,cold
2025-05-08,13:38:36,whisper-small_en-ubi9-minimal_harvard_cpu_basic_cold_f1721895,43,0.56,18.356,4.186,76.8405,0.0000,0.0000,0.0000,1.0000,0.0000,3,cold
2025-05-08,13:38:38,whisper-small_en-ubi9-minimal_harvard_cpu_basic_warm_f6c56e00,43,0.77,18.356,3.044,55.8702,0.0000,0.0000,0.0000,1.0000,0.0000,3,warm
2025-05-08,13:39:11,whisper-small_en-ubi9-minimal_harvard_gpu_basic_cold_a1542266,43,1.36,18.356,1.725,31.6567,0.0000,0.0000,0.0000,1.0000,0.0000,3,cold
2025-05-08,13:39:24,whisper-small_en-ubi9-minimal_harvard_cpu_hyperparam_cold_1931d731,43,0.80,18.356,2.930,53.7834,0.0000,0.0000,0.0000,1.0000,0.0000,3,cold
2025-05-08,13:39:30,whisper-small_en-ubi9-minimal_harvard_cpu_hyperparam_warm_85785feb,43,0.82,18.356,2.871,52.6938,0.0000,0.0000,0.0000,1.0000,0.0000,3,warm
2025-05-08,13:39:38,whisper-small_en-ubi9-minimal_harvard_gpu_basic_warm_f20dd2bf,43,1.64,18.356,1.432,26.2938,0.0000,0.0000,0.0000,1.0000,0.0000,3,warm
2025-05-08,13:39:51,whisper-small_en-ubi9-minimal_harvard_gpu_hyperparam_warm_c79a40be,,NA,18.356,1.109,20.3581,NA,NA,NA,NA,NA,3,warm
2025-05-08,13:39:55,whisper-small_en-ubi9-minimal_harvard_gpu_hyperparam_cold_5b08d96f,43,1.47,18.356,1.592,29.2234,0.0000,0.0000,0.0000,1.0000,0.0000,3,cold
2025-05-08,13:40:07,whisper-base_en-ubi9-minimal_jfk-audio-rice-university-12-september-1962_gpu_basic_warm_ff81603c,2224,11.24,1107.122,0.179,197.839,0.3747,0.3714,0.5206,0.4794,0.0621,3,warm
2025-05-08,13:40:57,whisper-tiny_en-ubi9-minimal_jfk-audio-rice-university-12-september-1962_cpu_basic_cold_d00e5348,2237,0.82,1107.122,2.478,2742.91,0.4171,0.4121,0.5688,0.4312,0.0710,3,cold
2025-05-08,13:42:41,whisper-small_en-ubi9-minimal_jfk-audio-inaugural-address-20-january-1961_gpu_basic_cold_2f9b51e4,1425,13.82,930.142,0.111,103.129,0.2231,0.2117,0.3085,0.6915,0.0794,3,cold
2025-05-08,13:44:01,whisper-tiny_en-ubi9-minimal_jfk-audio-rice-university-12-september-1962_cpu_hyperparam_cold_08431844,2230,0.77,1107.122,2.628,2909.3,0.1673,0.1644,0.2551,0.7449,0.0442,3,cold
2025-05-08,13:44:22,whisper-small_en-ubi9-minimal_jfk-audio-inaugural-address-20-january-1961_gpu_basic_warm_f8c1ade4,1427,14.20,930.142,0.108,100.497,0.2239,0.2123,0.3090,0.6910,0.0811,3,warm
2025-05-08,13:46:22,whisper-small_en-ubi9-minimal_jfk-audio-inaugural-address-20-january-1961_gpu_hyperparam_cold_a630b4ef,1431,10.25,930.142,0.150,139.663,0.2254,0.2134,0.3100,0.6900,0.0841,3,cold
2025-05-08,13:46:30,whisper-tiny_en-ubi9-minimal_jfk-audio-rice-university-12-september-1962_cpu_hyperparam_warm_91b2f46f,2247,0.74,1107.122,2.759,3054.56,0.2055,0.2004,0.3111,0.6889,0.0768,3,warm
2025-05-08,13:46:51,whisper-small_en-ubi9-minimal_jfk-audio-inaugural-address-20-january-1961_gpu_hyperparam_warm_12acc63c,1439,9.71,930.142,0.159,148.264,0.2314,0.2178,0.3142,0.6858,0.0887,3,warm
2025-05-08,13:52:07,whisper-tiny_en-ubi9-minimal_jfk-audio-rice-university-12-september-1962_cpu_basic_warm_c2905fc4,2123,0.62,1107.122,3.082,3412.07,0.3184,0.3144,0.4376,0.5624,0.1022,3,warm
2025-05-08,14:07:10,whisper-base_en-ubi9-minimal_jfk-audio-rice-university-12-september-1962_cpu_basic_cold_562feae3,2210,1.08,1107.122,1.840,2037.43,0.1433,0.1416,0.2232,0.7768,0.0331,3,cold
2025-05-08,14:09:02,whisper-small_en-ubi9-minimal_jfk-audio-rice-university-12-september-1962_gpu_basic_cold_1a53e817,2214,20.01,1107.122,0.100,110.643,0.1742,0.1722,0.2664,0.7336,0.0383,3,cold
2025-05-08,14:10:37,whisper-small_en-ubi9-minimal_jfk-audio-inaugural-address-20-january-1961_cpu_basic_cold_2905abf6,1432,0.77,930.142,1.998,1858.33,0.2615,0.2479,0.3638,0.6362,0.0895,3,cold
2025-05-08,14:11:02,whisper-small_en-ubi9-minimal_jfk-audio-rice-university-12-september-1962_gpu_basic_warm_0b395ff8,2208,18.58,1107.122,0.107,118.846,0.1548,0.1538,0.2382,0.7618,0.0367,3,warm
2025-05-08,14:11:05,whisper-small_en-ubi9-minimal_jfk-audio-inaugural-address-20-january-1961_cpu_basic_warm_72a2b156,1456,0.78,930.142,2.014,1873.16,0.2592,0.2463,0.3624,0.6376,0.1083,3,warm
2025-05-08,14:11:28,whisper-small_en-ubi9-minimal_jfk-audio-inaugural-address-20-january-1961_cpu_hyperparam_warm_f0e2ab41,1460,0.78,930.142,2.022,1880.88,0.2810,0.2615,0.3762,0.6238,0.1091,3,warm
2025-05-08,14:11:32,whisper-base_en-ubi9-minimal_jfk-audio-rice-university-12-september-1962_cpu_hyperparam_warm_ba139423,2217,1.03,1107.122,1.951,2159.53,0.1912,0.1892,0.2862,0.7138,0.0422,3,warm
2025-05-08,14:11:44,whisper-small_en-ubi9-minimal_jfk-audio-inaugural-address-20-january-1961_cpu_hyperparam_cold_538b1b96,1433,0.75,930.142,2.052,1908.39,0.2585,0.2457,0.3619,0.6381,0.0872,3,cold
2025-05-08,14:12:18,whisper-medium_en-ubi9-minimal_harvard_cpu_hyperparam_cold_30a0273a,43,0.97,18.356,2.420,44.418,0.0000,0.0000,0.0000,1.0000,0.0000,3,cold
2025-05-08,14:12:26,whisper-medium_en-ubi9-minimal_harvard_cpu_basic_warm_c3851851,43,0.76,18.356,3.071,56.3738,0.0000,0.0000,0.0000,1.0000,0.0000,3,warm
2025-05-08,14:12:30,whisper-medium_en-ubi9-minimal_harvard_cpu_hyperparam_warm_84c193c0,,NA,18.356,2.490,45.6979,NA,NA,NA,NA,NA,3,warm
2025-05-08,14:12:30,whisper-medium_en-ubi9-minimal_harvard_cpu_basic_cold_390e0b69,43,0.51,18.356,4.579,84.0599,0.0000,0.0000,0.0000,1.0000,0.0000,3,cold
2025-05-08,14:12:36,whisper-medium_en-ubi9-minimal_harvard_gpu_basic_warm_5afd7e45,,NA,18.356,0.544,9.99023,NA,NA,NA,NA,NA,3,warm
2025-05-08,14:12:37,whisper-medium_en-ubi9-minimal_harvard_gpu_basic_cold_a7c689ab,,NA,18.356,1.017,18.6641,NA,NA,NA,NA,NA,3,cold
2025-05-08,14:12:41,whisper-medium_en-ubi9-minimal_harvard_gpu_hyperparam_warm_89a47ffd,,NA,18.356,0.605,11.0994,NA,NA,NA,NA,NA,3,warm
2025-05-08,14:12:49,whisper-medium_en-ubi9-minimal_harvard_gpu_hyperparam_cold_4801e6d5,,NA,18.356,1.042,19.1317,NA,NA,NA,NA,NA,3,cold
2025-05-08,14:13:38,whisper-base_en-ubi9-minimal_jfk-audio-rice-university-12-september-1962_cpu_basic_warm_9500f4b5,2222,0.92,1107.122,2.171,2403.39,0.1682,0.1661,0.2524,0.7476,0.0416,3,warm
2025-05-08,14:13:53,whisper-small_en-ubi9-minimal_jfk-audio-rice-university-12-september-1962_gpu_hyperparam_cold_1e7a7096,2220,11.40,1107.122,0.176,194.686,0.1654,0.1640,0.2552,0.7448,0.0441,3,cold
2025-05-08,14:14:16,whisper-medium_en-ubi9-minimal_jfk-audio-inaugural-address-20-january-1961_gpu_basic_warm_7414e7c5,,NA,930.142,0.025,23.4915,NA,NA,NA,NA,NA,3,warm
2025-05-08,14:14:39,whisper-base_en-ubi9-minimal_jfk-audio-rice-university-12-september-1962_cpu_hyperparam_cold_1c73df93,2230,0.94,1107.122,2.142,2371.45,0.1599,0.1578,0.2448,0.7552,0.0465,3,cold
2025-05-08,14:14:43,whisper-medium_en-ubi9-minimal_jfk-audio-inaugural-address-20-january-1961_gpu_hyperparam_cold_deff8c7b,,NA,930.142,0.028,25.8287,NA,NA,NA,NA,NA,3,cold
2025-05-08,14:15:03,whisper-medium_en-ubi9-minimal_jfk-audio-inaugural-address-20-january-1961_gpu_hyperparam_warm_755c9729,,NA,930.142,0.026,23.8908,NA,NA,NA,NA,NA,3,warm
2025-05-08,14:15:07,whisper-small_en-ubi9-minimal_jfk-audio-rice-university-12-september-1962_gpu_hyperparam_warm_ae4d37f1,2225,9.11,1107.122,0.221,244.158,0.4230,0.4196,0.5777,0.4223,0.0660,3,warm
2025-05-08,14:15:48,whisper-medium_en-ubi9-minimal_jfk-audio-inaugural-address-20-january-1961_gpu_basic_cold_191b0d81,1425,11.00,930.142,0.139,129.547,0.2224,0.2111,0.3080,0.6920,0.0790,3,cold
2025-05-08,14:25:21,whisper-small_en-ubi9-minimal_jfk-audio-rice-university-12-september-1962_cpu_basic_cold_3aded682,2204,0.94,1107.122,2.112,2337.74,0.1959,0.1927,0.2863,0.7137,0.0594,3,cold
2025-05-08,14:27:54,whisper-medium_en-ubi9-minimal_jfk-audio-rice-university-12-september-1962_gpu_basic_cold_ee7632d3,2355,15.44,1107.122,0.138,152.56,0.2309,0.2165,0.3080,0.6920,0.1100,3,cold
2025-05-08,14:28:47,whisper-small_en-ubi9-minimal_jfk-audio-rice-university-12-september-1962_cpu_hyperparam_cold_0404d289,2219,0.88,1107.122,2.272,2515.09,0.2309,0.2227,0.3216,0.6784,0.0944,3,cold
2025-05-08,14:29:15,whisper-small_en-ubi9-minimal_jfk-audio-rice-university-12-september-1962_cpu_basic_warm_7f087324,2226,0.87,1107.122,2.317,2564.89,0.1710,0.1688,0.2594,0.7406,0.0427,3,warm
2025-05-08,14:29:39,whisper-medium_en-ubi9-minimal_jfk-audio-rice-university-12-september-1962_gpu_hyperparam_warm_302bf9d5,,NA,1107.122,0.021,23.0795,NA,NA,NA,NA,NA,3,warm
2025-05-08,14:30:34,whisper-medium_en-ubi9-minimal_jfk-audio-rice-university-12-september-1962_gpu_basic_warm_0d50b26b,2247,14.14,1107.122,0.144,158.958,0.2705,0.2638,0.4157,0.5843,0.0693,3,warm
2025-05-08,14:31:03,whisper-large-ubi9-minimal_harvard_cpu_basic_cold_398f4be5,43,0.52,18.356,4.516,82.8957,0.0000,0.0000,0.0000,1.0000,0.0000,3,cold
2025-05-08,14:31:23,whisper-large-ubi9-minimal_harvard_cpu_basic_warm_25670604,43,0.90,18.356,2.617,48.0313,0.0000,0.0000,0.0000,1.0000,0.0000,3,warm
2025-05-08,14:31:38,whisper-medium_en-ubi9-minimal_jfk-audio-rice-university-12-september-1962_gpu_hyperparam_cold_27e3f6e1,2216,13.01,1107.122,0.154,170.272,0.1516,0.1501,0.2355,0.7645,0.0402,3,cold
2025-05-08,14:31:53,whisper-large-ubi9-minimal_harvard_cpu_hyperparam_cold_87c674ef,43,0.88,18.356,2.663,48.8739,0.0000,0.0000,0.0000,1.0000,0.0000,3,cold
2025-05-08,14:32:09,whisper-large-ubi9-minimal_harvard_gpu_basic_cold_d6e5ccf5,43,1.46,18.356,1.604,29.4516,0.0000,0.0000,0.0000,1.0000,0.0000,3,cold
2025-05-08,14:32:20,whisper-large-ubi9-minimal_harvard_cpu_hyperparam_warm_1879541c,43,0.77,18.356,3.050,55.9855,0.0000,0.0000,0.0000,1.0000,0.0000,3,warm
2025-05-08,14:32:23,whisper-small_en-ubi9-minimal_jfk-audio-rice-university-12-september-1962_cpu_hyperparam_warm_3fc2110a,2244,0.93,1107.122,2.181,2414.76,0.1816,0.1772,0.2717,0.7283,0.0502,3,warm
2025-05-08,14:32:23,whisper-large-ubi9-minimal_harvard_gpu_basic_warm_1d297a79,43,1.47,18.356,1.589,29.172,0.0000,0.0000,0.0000,1.0000,0.0000,3,warm
2025-05-08,14:32:35,whisper-large-ubi9-minimal_harvard_gpu_hyperparam_cold_f0c5e5c2,43,1.67,18.356,1.404,25.7801,0.0000,0.0000,0.0000,1.0000,0.0000,3,cold
2025-05-08,14:32:48,whisper-large-ubi9-minimal_harvard_gpu_hyperparam_warm_fb40adfc,43,1.58,18.356,1.481,27.1922,0.0000,0.0000,0.0000,1.0000,0.0000,3,warm
2025-05-08,14:42:05,whisper-medium_en-ubi9-minimal_jfk-audio-inaugural-address-20-january-1961_cpu_basic_warm_938ec7a9,1429,0.81,930.142,1.901,1767.89,0.2600,0.2468,0.3629,0.6371,0.0862,3,warm
2025-05-08,14:43:00,whisper-medium_en-ubi9-minimal_jfk-audio-inaugural-address-20-january-1961_cpu_hyperparam_warm_db53f41d,1456,0.80,930.142,1.945,1809.42,0.2585,0.2457,0.3619,0.6381,0.1085,3,warm
2025-05-08,14:43:08,whisper-medium_en-ubi9-minimal_jfk-audio-inaugural-address-20-january-1961_cpu_hyperparam_cold_db822f09,1430,0.78,930.142,1.963,1825.46,0.2600,0.2468,0.3629,0.6371,0.0876,3,cold
2025-05-08,14:43:10,whisper-medium_en-ubi9-minimal_jfk-audio-inaugural-address-20-january-1961_cpu_basic_cold_6e4256cd,1450,0.79,930.142,1.971,1833.01,0.2705,0.2542,0.3696,0.6304,0.1009,3,cold
2025-05-08,14:43:33,whisper-large-ubi9-minimal_jfk-audio-inaugural-address-20-january-1961_gpu_hyperparam_cold_3c26eff8,,NA,930.142,0.026,24.2499,NA,NA,NA,NA,NA,3,cold
2025-05-08,14:43:35,whisper-large-ubi9-minimal_jfk-audio-inaugural-address-20-january-1961_gpu_hyperparam_warm_c07980e2,,NA,930.142,0.026,24.2406,NA,NA,NA,NA,NA,3,warm
2025-05-08,14:44:00,whisper-large-ubi9-minimal_jfk-audio-inaugural-address-20-january-1961_gpu_basic_cold_b509c612,1426,12.53,930.142,0.122,113.791,0.2224,0.2111,0.3080,0.6920,0.0813,3,cold
2025-05-08,14:45:02,whisper-large-ubi9-minimal_jfk-audio-inaugural-address-20-january-1961_gpu_basic_warm_5dd7f843,1440,11.86,930.142,0.131,121.437,0.2314,0.2178,0.3142,0.6858,0.0893,3,warm
2025-05-08,14:53:22,whisper-medium_en-ubi9-minimal_jfk-audio-rice-university-12-september-1962_cpu_hyperparam_cold_58e6881d,2233,0.97,1107.122,2.073,2294.7,0.1991,0.1959,0.2951,0.7049,0.0465,3,cold
2025-05-08,14:53:28,whisper-medium_en-ubi9-minimal_jfk-audio-rice-university-12-september-1962_cpu_hyperparam_warm_e6471a1d,2233,0.99,1107.122,2.040,2258.89,0.3387,0.3350,0.4757,0.5243,0.0611,3,warm
2025-05-08,14:55:57,whisper-medium_en-ubi9-minimal_jfk-audio-rice-university-12-september-1962_cpu_basic_cold_0d3ccd64,2230,0.90,1107.122,2.234,2473.36,0.1645,0.1621,0.2526,0.7474,0.0424,3,cold
2025-05-08,14:56:19,whisper-large-ubi9-minimal_jfk-audio-rice-university-12-september-1962_gpu_hyperparam_cold_919d1106,,NA,1107.122,0.020,21.8582,NA,NA,NA,NA,NA,3,cold
2025-05-08,14:56:42,whisper-large-ubi9-minimal_jfk-audio-rice-university-12-september-1962_gpu_hyperparam_warm_5eacb3bf,,NA,1107.122,0.020,22.342,NA,NA,NA,NA,NA,3,warm
2025-05-08,14:57:11,whisper-large-ubi9-minimal_jfk-audio-rice-university-12-september-1962_gpu_basic_warm_bd77e7d2,2227,10.03,1107.122,0.200,221.94,0.1774,0.1749,0.2655,0.7345,0.0447,3,warm
2025-05-08,14:57:14,whisper-large-ubi9-minimal_jfk-audio-rice-university-12-september-1962_gpu_basic_cold_0f7487d4,2262,9.78,1107.122,0.209,231.239,0.2972,0.2877,0.4472,0.5528,0.0972,3,cold
2025-05-08,14:58:04,whisper-turbo-ubi9-minimal_harvard_cpu_basic_cold_780ae73e,43,0.53,18.356,4.387,80.5277,0.0000,0.0000,0.0000,1.0000,0.0000,3,cold
2025-05-08,14:58:10,whisper-turbo-ubi9-minimal_harvard_cpu_basic_warm_2eac41bc,43,0.75,18.356,3.138,57.5926,0.0000,0.0000,0.0000,1.0000,0.0000,3,warm
2025-05-08,14:58:12,whisper-turbo-ubi9-minimal_harvard_cpu_hyperparam_cold_60b6f298,43,0.76,18.356,3.097,56.8431,0.0000,0.0000,0.0000,1.0000,0.0000,3,cold
2025-05-08,14:58:18,whisper-medium_en-ubi9-minimal_jfk-audio-rice-university-12-september-1962_cpu_basic_warm_e82abce1,2141,0.83,1107.122,2.343,2593.72,0.1982,0.1966,0.2858,0.7142,0.0719,3,warm
2025-05-08,14:58:41,whisper-turbo-ubi9-minimal_harvard_gpu_basic_cold_85299665,,NA,18.356,1.712,31.4344,NA,NA,NA,NA,NA,3,cold
2025-05-08,14:58:42,whisper-turbo-ubi9-minimal_harvard_gpu_basic_warm_e7077804,43,1.49,18.356,1.571,28.835,0.0000,0.0000,0.0000,1.0000,0.0000,3,warm
2025-05-08,14:58:42,whisper-turbo-ubi9-minimal_harvard_gpu_hyperparam_cold_eaa3872b,,NA,18.356,1.279,23.4746,NA,NA,NA,NA,NA,3,cold
2025-05-08,14:58:58,whisper-turbo-ubi9-minimal_harvard_cpu_hyperparam_warm_60ebfe3d,43,0.81,18.356,2.908,53.384,0.0000,0.0000,0.0000,1.0000,0.0000,3,warm
2025-05-08,14:59:07,whisper-turbo-ubi9-minimal_harvard_gpu_hyperparam_warm_d4efe579,43,1.76,18.356,1.331,24.4234,0.0000,0.0000,0.0000,1.0000,0.0000,3,warm
2025-05-08,15:02:36,whisper-large-ubi9-minimal_jfk-audio-inaugural-address-20-january-1961_cpu_basic_cold_2cc35100,1487,0.82,930.142,1.949,1812.75,0.2975,0.2727,0.3862,0.6138,0.1300,3,cold
2025-05-08,15:02:45,whisper-large-ubi9-minimal_jfk-audio-inaugural-address-20-january-1961_cpu_hyperparam_cold_9147cdd1,1440,0.80,930.142,1.945,1808.7,0.2637,0.2495,0.3653,0.6347,0.0949,3,cold
2025-05-08,15:03:02,whisper-large-ubi9-minimal_jfk-audio-inaugural-address-20-january-1961_cpu_basic_warm_2bbc9588,1430,0.78,930.142,1.976,1838.03,0.2600,0.2468,0.3629,0.6371,0.0876,3,warm
2025-05-08,15:03:17,whisper-large-ubi9-minimal_jfk-audio-inaugural-address-20-january-1961_cpu_hyperparam_warm_2d3f9d83,1436,0.79,930.142,1.966,1828.38,0.2615,0.2479,0.3638,0.6362,0.0925,3,warm
2025-05-08,15:03:23,whisper-turbo-ubi9-minimal_jfk-audio-inaugural-address-20-january-1961_gpu_hyperparam_cold_4255d342,,NA,930.142,0.022,20.7528,NA,NA,NA,NA,NA,3,cold
2025-05-08,15:03:43,whisper-turbo-ubi9-minimal_jfk-audio-inaugural-address-20-january-1961_gpu_hyperparam_warm_3e703284,,NA,930.142,0.028,26.1495,NA,NA,NA,NA,NA,3,warm
2025-05-08,15:05:07,whisper-turbo-ubi9-minimal_jfk-audio-inaugural-address-20-january-1961_gpu_basic_cold_308fe721,1423,9.48,930.142,0.161,150.123,0.2216,0.2106,0.3074,0.6926,0.0784,3,cold
2025-05-08,15:05:24,whisper-turbo-ubi9-minimal_jfk-audio-inaugural-address-20-january-1961_gpu_basic_warm_075155a1,1429,9.03,930.142,0.170,158.236,0.2254,0.2134,0.3100,0.6900,0.0825,3,warm
2025-05-08,15:16:23,whisper-large-ubi9-minimal_jfk-audio-rice-university-12-september-1962_cpu_basic_warm_be0768cd,2208,1.12,1107.122,1.777,1967.47,0.1857,0.1833,0.2881,0.7119,0.0345,3,warm
2025-05-08,15:17:54,whisper-large-ubi9-minimal_jfk-audio-rice-university-12-september-1962_cpu_hyperparam_cold_589457d6,2229,1.10,1107.122,1.837,2033.73,0.1700,0.1664,0.2562,0.7438,0.0498,3,cold
2025-05-08,15:18:20,whisper-turbo-ubi9-minimal_jfk-audio-rice-university-12-september-1962_gpu_basic_cold_341603b8,2212,19.11,1107.122,0.105,115.748,0.1839,0.1812,0.2815,0.7185,0.0358,3,cold
2025-05-08,15:21:14,whisper-large-ubi9-minimal_jfk-audio-rice-university-12-september-1962_cpu_hyperparam_warm_c58b8372,2232,1.03,1107.122,1.961,2171.6,0.3300,0.3260,0.4639,0.5361,0.0624,3,warm
2025-05-08,15:21:24,whisper-turbo-ubi9-minimal_jfk-audio-rice-university-12-september-1962_gpu_basic_warm_3c023189,2245,10.77,1107.122,0.188,208.539,0.2631,0.2567,0.4044,0.5956,0.0658,3,warm
2025-05-08,15:22:21,whisper-turbo-ubi9-minimal_jfk-audio-rice-university-12-september-1962_gpu_hyperparam_cold_eed05967,2239,9.31,1107.122,0.217,240.488,0.3300,0.3252,0.4616,0.5384,0.0629,3,cold
2025-05-08,15:23:47,whisper-turbo-ubi9-minimal_jfk-audio-rice-university-12-september-1962_gpu_hyperparam_warm_f6cbd539,2234,14.70,1107.122,0.137,151.948,0.1747,0.1720,0.2633,0.7367,0.0451,3,warm
2025-05-08,15:25:40,whisper-large-ubi9-minimal_jfk-audio-rice-university-12-september-1962_cpu_basic_cold_dc960032,2255,0.89,1107.122,2.283,2527.1,0.1751,0.1698,0.2559,0.7441,0.0539,3,cold
2025-05-08,15:26:59,whisper-turbo-ubi9-minimal_jfk-audio-inaugural-address-20-january-1961_cpu_hyperparam_cold_d640001a,1437,0.86,930.142,1.806,1679.83,0.2652,0.2505,0.3662,0.6338,0.0923,3,cold
2025-05-08,15:27:26,whisper-turbo-ubi9-minimal_jfk-audio-inaugural-address-20-january-1961_cpu_hyperparam_warm_93137209,1434,0.84,930.142,1.826,1698.75,0.2622,0.2484,0.3643,0.6357,0.0907,3,warm
2025-05-08,15:27:40,whisper-turbo-ubi9-minimal_jfk-audio-inaugural-address-20-january-1961_cpu_basic_warm_ffa208b6,1451,0.84,930.142,1.867,1736.89,0.2742,0.2569,0.3720,0.6280,0.1007,3,warm
2025-05-08,15:27:45,whisper-turbo-ubi9-minimal_jfk-audio-inaugural-address-20-january-1961_cpu_basic_cold_44a6a8dd,1435,0.82,930.142,1.874,1742.87,0.2607,0.2473,0.3634,0.6366,0.0899,3,cold
2025-05-08,15:31:40,whisper-turbo-ubi9-minimal_jfk-audio-rice-university-12-september-1962_cpu_hyperparam_warm_629d1872,2208,1.40,1107.122,1.423,1575.6,0.1853,0.1828,0.2873,0.7127,0.0345,3,warm
2025-05-08,15:31:49,whisper-turbo-ubi9-minimal_jfk-audio-rice-university-12-september-1962_cpu_basic_cold_c02dc810,2224,1.30,1107.122,1.541,1706.05,0.1954,0.1931,0.2928,0.7072,0.0436,3,cold
2025-05-08,15:32:34,whisper-turbo-ubi9-minimal_jfk-audio-rice-university-12-september-1962_cpu_basic_warm_be6766ac,2223,1.28,1107.122,1.563,1730.03,0.1594,0.1573,0.2411,0.7589,0.0389,3,warm
2025-05-08,15:34:49,whisper-turbo-ubi9-minimal_jfk-audio-rice-university-12-september-1962_cpu_hyperparam_cold_0cb81dd0,2217,1.24,1107.122,1.609,1781.54,0.1724,0.1712,0.2631,0.7369,0.0442,3,cold
