date,timestamp,container name,cpu name,cpu core count,cpu max usage (%),memory usage (MB),gpu index,gpu name,gpu count,gpu max usage (%),gpu temperature (C),gpu pwr:usage/cap (%),gpu vram usage (%),startup time (s),task time (s),shutdown time (s),total time (s)
2025-05-08,13:30:24,whisper-tiny_en-ubi9-minimal_jfk-audio-inaugural-address-20-january-1961_cpu_basic_warm_a794ff16,Intel(R) Xeon(R) Platinum 8259CL CPU @ 2.50GHz,24,73.2,48860.69,0,Tesla T4,4,0,25,14.71,0.0,7.152557373046875e-07,2149.3330430984497,2149.333045244217,2149.333045244217
2025-05-08,13:30:24,whisper-tiny_en-ubi9-minimal_jfk-audio-inaugural-address-20-january-1961_cpu_basic_warm_a794ff16,Intel(R) Xeon(R) Platinum 8259CL CPU @ 2.50GHz,24,73.2,48860.69,1,Tesla T4,4,0,26,13.6,0.0,7.152557373046875e-07,2149.3330430984497,2149.333045244217,2149.333045244217
2025-05-08,13:30:24,whisper-tiny_en-ubi9-minimal_jfk-audio-inaugural-address-20-january-1961_cpu_basic_warm_a794ff16,Intel(R) Xeon(R) Platinum 8259CL CPU @ 2.50GHz,24,73.2,48860.69,2,Tesla T4,4,0,25,13.73,0.0,7.152557373046875e-07,2149.3330430984497,2149.333045244217,2149.333045244217
2025-05-08,13:30:24,whisper-tiny_en-ubi9-minimal_jfk-audio-inaugural-address-20-january-1961_cpu_basic_warm_a794ff16,Intel(R) Xeon(R) Platinum 8259CL CPU @ 2.50GHz,24,73.2,48860.69,3,Tesla T4,4,0,25,14.01,0.0,7.152557373046875e-07,2149.3330430984497,2149.333045244217,2149.333045244217
2025-05-08,13:30:24,whisper-tiny_en-ubi9-minimal_jfk-audio-inaugural-address-20-january-1961_cpu_hyperparam_cold_9392bfa5,Intel(R) Xeon(R) Platinum 8259CL CPU @ 2.50GHz,24,71.9,48902.66,0,Tesla T4,4,0,25,13.73,0.0,1.430511474609375e-06,0.11842775344848633,0.11843156814575195,0.11843156814575195
2025-05-08,13:30:24,whisper-tiny_en-ubi9-minimal_jfk-audio-inaugural-address-20-january-1961_cpu_hyperparam_cold_9392bfa5,Intel(R) Xeon(R) Platinum 8259CL CPU @ 2.50GHz,24,71.9,48902.66,1,Tesla T4,4,0,26,14.44,0.0,1.430511474609375e-06,0.11842775344848633,0.11843156814575195,0.11843156814575195
2025-05-08,13:30:24,whisper-tiny_en-ubi9-minimal_jfk-audio-inaugural-address-20-january-1961_cpu_hyperparam_cold_9392bfa5,Intel(R) Xeon(R) Platinum 8259CL CPU @ 2.50GHz,24,71.9,48902.66,2,Tesla T4,4,0,25,13.89,0.0,1.430511474609375e-06,0.11842775344848633,0.11843156814575195,0.11843156814575195
2025-05-08,13:30:24,whisper-tiny_en-ubi9-minimal_jfk-audio-inaugural-address-20-january-1961_cpu_hyperparam_cold_9392bfa5,Intel(R) Xeon(R) Platinum 8259CL CPU @ 2.50GHz,24,71.9,48902.66,3,Tesla T4,4,0,25,13.6,0.0,1.430511474609375e-06,0.11842775344848633,0.11843156814575195,0.11843156814575195
2025-05-08,13:30:25,whisper-tiny_en-ubi9-minimal_jfk-audio-inaugural-address-20-january-1961_cpu_hyperparam_warm_7777e11e,Intel(R) Xeon(R) Platinum 8259CL CPU @ 2.50GHz,24,72.7,48935.9,0,Tesla T4,4,0,25,13.73,0.0,1.9073486328125e-06,0.08722257614135742,0.08722710609436035,0.08722710609436035
2025-05-08,13:30:25,whisper-tiny_en-ubi9-minimal_jfk-audio-inaugural-address-20-january-1961_cpu_hyperparam_warm_7777e11e,Intel(R) Xeon(R) Platinum 8259CL CPU @ 2.50GHz,24,72.7,48935.9,1,Tesla T4,4,0,26,13.6,0.0,1.9073486328125e-06,0.08722257614135742,0.08722710609436035,0.08722710609436035
2025-05-08,13:30:25,whisper-tiny_en-ubi9-minimal_jfk-audio-inaugural-address-20-january-1961_cpu_hyperparam_warm_7777e11e,Intel(R) Xeon(R) Platinum 8259CL CPU @ 2.50GHz,24,72.7,48935.9,2,Tesla T4,4,0,25,15.57,0.0,1.9073486328125e-06,0.08722257614135742,0.08722710609436035,0.08722710609436035
2025-05-08,13:30:25,whisper-tiny_en-ubi9-minimal_jfk-audio-inaugural-address-20-january-1961_cpu_hyperparam_warm_7777e11e,Intel(R) Xeon(R) Platinum 8259CL CPU @ 2.50GHz,24,72.7,48935.9,3,Tesla T4,4,0,25,13.73,0.0,1.9073486328125e-06,0.08722257614135742,0.08722710609436035,0.08722710609436035
2025-05-08,13:30:25,whisper-tiny_en-ubi9-minimal_jfk-audio-inaugural-address-20-january-1961_cpu_basic_cold_866517b4,Intel(R) Xeon(R) Platinum 8259CL CPU @ 2.50GHz,24,71.0,49118.68,0,Tesla T4,4,0,25,13.73,0.0,1.1920928955078125e-06,0.09697890281677246,0.09698200225830078,0.09698200225830078
2025-05-08,13:30:25,whisper-tiny_en-ubi9-minimal_jfk-audio-inaugural-address-20-january-1961_cpu_basic_cold_866517b4,Intel(R) Xeon(R) Platinum 8259CL CPU @ 2.50GHz,24,71.0,49118.68,1,Tesla T4,4,0,26,14.16,0.0,1.1920928955078125e-06,0.09697890281677246,0.09698200225830078,0.09698200225830078
2025-05-08,13:30:25,whisper-tiny_en-ubi9-minimal_jfk-audio-inaugural-address-20-january-1961_cpu_basic_cold_866517b4,Intel(R) Xeon(R) Platinum 8259CL CPU @ 2.50GHz,24,71.0,49118.68,2,Tesla T4,4,0,25,14.01,0.0,1.1920928955078125e-06,0.09697890281677246,0.09698200225830078,0.09698200225830078
2025-05-08,13:30:25,whisper-tiny_en-ubi9-minimal_jfk-audio-inaugural-address-20-january-1961_cpu_basic_cold_866517b4,Intel(R) Xeon(R) Platinum 8259CL CPU @ 2.50GHz,24,71.0,49118.68,3,Tesla T4,4,0,24,13.46,0.0,1.1920928955078125e-06,0.09697890281677246,0.09698200225830078,0.09698200225830078
2025-05-08,13:30:26,whisper-tiny_en-ubi9-minimal_jfk-audio-inaugural-address-20-january-1961_gpu_basic_cold_4ef270ba,Intel(R) Xeon(R) Platinum 8259CL CPU @ 2.50GHz,24,72.6,49102.91,0,Tesla T4,4,0,25,13.46,0.0,9.5367431640625e-07,0.09517097473144531,0.09517478942871094,0.09517478942871094
2025-05-08,13:30:26,whisper-tiny_en-ubi9-minimal_jfk-audio-inaugural-address-20-january-1961_gpu_basic_cold_4ef270ba,Intel(R) Xeon(R) Platinum 8259CL CPU @ 2.50GHz,24,72.6,49102.91,1,Tesla T4,4,0,26,13.6,0.0,9.5367431640625e-07,0.09517097473144531,0.09517478942871094,0.09517478942871094
2025-05-08,13:30:26,whisper-tiny_en-ubi9-minimal_jfk-audio-inaugural-address-20-january-1961_gpu_basic_cold_4ef270ba,Intel(R) Xeon(R) Platinum 8259CL CPU @ 2.50GHz,24,72.6,49102.91,2,Tesla T4,4,0,25,13.87,0.0,9.5367431640625e-07,0.09517097473144531,0.09517478942871094,0.09517478942871094
2025-05-08,13:30:26,whisper-tiny_en-ubi9-minimal_jfk-audio-inaugural-address-20-january-1961_gpu_basic_cold_4ef270ba,Intel(R) Xeon(R) Platinum 8259CL CPU @ 2.50GHz,24,72.6,49102.91,3,Tesla T4,4,0,25,13.89,0.0,9.5367431640625e-07,0.09517097473144531,0.09517478942871094,0.09517478942871094
2025-05-08,13:30:26,whisper-tiny_en-ubi9-minimal_jfk-audio-inaugural-address-20-january-1961_gpu_hyperparam_cold_d5f93524,Intel(R) Xeon(R) Platinum 8259CL CPU @ 2.50GHz,24,73.3,49688.5,0,Tesla T4,4,0,25,13.59,0.0,1.9073486328125e-06,0.10806488990783691,0.10807108879089355,0.10807108879089355
2025-05-08,13:30:26,whisper-tiny_en-ubi9-minimal_jfk-audio-inaugural-address-20-january-1961_gpu_hyperparam_cold_d5f93524,Intel(R) Xeon(R) Platinum 8259CL CPU @ 2.50GHz,24,73.3,49688.5,1,Tesla T4,4,0,26,13.73,0.0,1.9073486328125e-06,0.10806488990783691,0.10807108879089355,0.10807108879089355
2025-05-08,13:30:26,whisper-tiny_en-ubi9-minimal_jfk-audio-inaugural-address-20-january-1961_gpu_hyperparam_cold_d5f93524,Intel(R) Xeon(R) Platinum 8259CL CPU @ 2.50GHz,24,73.3,49688.5,2,Tesla T4,4,0,25,13.73,0.0,1.9073486328125e-06,0.10806488990783691,0.10807108879089355,0.10807108879089355
2025-05-08,13:30:26,whisper-tiny_en-ubi9-minimal_jfk-audio-inaugural-address-20-january-1961_gpu_hyperparam_cold_d5f93524,Intel(R) Xeon(R) Platinum 8259CL CPU @ 2.50GHz,24,73.3,49688.5,3,Tesla T4,4,0,25,14.29,0.0,1.9073486328125e-06,0.10806488990783691,0.10807108879089355,0.10807108879089355
2025-05-08,13:32:38,whisper-tiny_en-ubi9-minimal_jfk-audio-inaugural-address-20-january-1961_cpu_basic_cold_7857867b,Intel(R) Xeon(R) Platinum 8259CL CPU @ 2.50GHz,24,70.2,44699.46,0,Tesla T4,4,0,25,13.44,0.0,1.9073486328125e-06,131.46818709373474,131.46819424629211,131.46819424629211
2025-05-08,13:32:38,whisper-tiny_en-ubi9-minimal_jfk-audio-inaugural-address-20-january-1961_cpu_basic_cold_7857867b,Intel(R) Xeon(R) Platinum 8259CL CPU @ 2.50GHz,24,70.2,44699.46,1,Tesla T4,4,0,26,13.6,0.0,1.9073486328125e-06,131.46818709373474,131.46819424629211,131.46819424629211
2025-05-08,13:32:38,whisper-tiny_en-ubi9-minimal_jfk-audio-inaugural-address-20-january-1961_cpu_basic_cold_7857867b,Intel(R) Xeon(R) Platinum 8259CL CPU @ 2.50GHz,24,70.2,44699.46,2,Tesla T4,4,0,25,14.44,0.0,1.9073486328125e-06,131.46818709373474,131.46819424629211,131.46819424629211
2025-05-08,13:32:38,whisper-tiny_en-ubi9-minimal_jfk-audio-inaugural-address-20-january-1961_cpu_basic_cold_7857867b,Intel(R) Xeon(R) Platinum 8259CL CPU @ 2.50GHz,24,70.2,44699.46,3,Tesla T4,4,0,25,13.46,0.0,1.9073486328125e-06,131.46818709373474,131.46819424629211,131.46819424629211
2025-05-08,13:33:09,whisper-tiny_en-ubi9-minimal_jfk-audio-inaugural-address-20-january-1961_cpu_hyperparam_warm_f8787e5e,Intel(R) Xeon(R) Platinum 8259CL CPU @ 2.50GHz,24,99.8,43082.53,0,Tesla T4,4,64,35,72.97,78.31,1.6689300537109375e-06,30.169936656951904,30.16995143890381,30.16995143890381
2025-05-08,13:33:09,whisper-tiny_en-ubi9-minimal_jfk-audio-inaugural-address-20-january-1961_cpu_hyperparam_warm_f8787e5e,Intel(R) Xeon(R) Platinum 8259CL CPU @ 2.50GHz,24,99.8,43082.53,1,Tesla T4,4,0,26,13.84,0.0,1.6689300537109375e-06,30.169936656951904,30.16995143890381,30.16995143890381
2025-05-08,13:33:09,whisper-tiny_en-ubi9-minimal_jfk-audio-inaugural-address-20-january-1961_cpu_hyperparam_warm_f8787e5e,Intel(R) Xeon(R) Platinum 8259CL CPU @ 2.50GHz,24,99.8,43082.53,2,Tesla T4,4,0,25,13.57,0.0,1.6689300537109375e-06,30.169936656951904,30.16995143890381,30.16995143890381
2025-05-08,13:33:09,whisper-tiny_en-ubi9-minimal_jfk-audio-inaugural-address-20-january-1961_cpu_hyperparam_warm_f8787e5e,Intel(R) Xeon(R) Platinum 8259CL CPU @ 2.50GHz,24,99.8,43082.53,3,Tesla T4,4,0,25,13.57,0.0,1.6689300537109375e-06,30.169936656951904,30.16995143890381,30.16995143890381
2025-05-08,13:33:10,whisper-tiny_en-ubi9-minimal_jfk-audio-inaugural-address-20-january-1961_cpu_basic_warm_bedd607b,Intel(R) Xeon(R) Platinum 8259CL CPU @ 2.50GHz,24,60.8,42379.0,0,Tesla T4,4,96,35,71.86,80.75,1.6689300537109375e-06,0.13463592529296875,0.13463997840881348,0.13463997840881348
2025-05-08,13:33:10,whisper-tiny_en-ubi9-minimal_jfk-audio-inaugural-address-20-january-1961_cpu_basic_warm_bedd607b,Intel(R) Xeon(R) Platinum 8259CL CPU @ 2.50GHz,24,60.8,42379.0,1,Tesla T4,4,0,26,13.71,0.0,1.6689300537109375e-06,0.13463592529296875,0.13463997840881348,0.13463997840881348
2025-05-08,13:33:10,whisper-tiny_en-ubi9-minimal_jfk-audio-inaugural-address-20-january-1961_cpu_basic_warm_bedd607b,Intel(R) Xeon(R) Platinum 8259CL CPU @ 2.50GHz,24,60.8,42379.0,2,Tesla T4,4,0,25,13.71,0.0,1.6689300537109375e-06,0.13463592529296875,0.13463997840881348,0.13463997840881348
2025-05-08,13:33:10,whisper-tiny_en-ubi9-minimal_jfk-audio-inaugural-address-20-january-1961_cpu_basic_warm_bedd607b,Intel(R) Xeon(R) Platinum 8259CL CPU @ 2.50GHz,24,60.8,42379.0,3,Tesla T4,4,0,25,13.57,0.0,1.6689300537109375e-06,0.13463592529296875,0.13463997840881348,0.13463997840881348
2025-05-08,13:33:10,whisper-tiny_en-ubi9-minimal_jfk-audio-inaugural-address-20-january-1961_cpu_hyperparam_cold_795de07d,Intel(R) Xeon(R) Platinum 8259CL CPU @ 2.50GHz,24,57.6,41470.46,0,Tesla T4,4,93,36,97.74,86.13,2.384185791015625e-06,0.12503600120544434,0.12504339218139648,0.12504339218139648
2025-05-08,13:33:10,whisper-tiny_en-ubi9-minimal_jfk-audio-inaugural-address-20-january-1961_cpu_hyperparam_cold_795de07d,Intel(R) Xeon(R) Platinum 8259CL CPU @ 2.50GHz,24,57.6,41470.46,1,Tesla T4,4,0,26,13.99,0.0,2.384185791015625e-06,0.12503600120544434,0.12504339218139648,0.12504339218139648
2025-05-08,13:33:10,whisper-tiny_en-ubi9-minimal_jfk-audio-inaugural-address-20-january-1961_cpu_hyperparam_cold_795de07d,Intel(R) Xeon(R) Platinum 8259CL CPU @ 2.50GHz,24,57.6,41470.46,2,Tesla T4,4,0,25,13.99,0.0,2.384185791015625e-06,0.12503600120544434,0.12504339218139648,0.12504339218139648
2025-05-08,13:33:10,whisper-tiny_en-ubi9-minimal_jfk-audio-inaugural-address-20-january-1961_cpu_hyperparam_cold_795de07d,Intel(R) Xeon(R) Platinum 8259CL CPU @ 2.50GHz,24,57.6,41470.46,3,Tesla T4,4,0,25,13.29,0.0,2.384185791015625e-06,0.12503600120544434,0.12504339218139648,0.12504339218139648
2025-05-08,13:40:57,whisper-tiny_en-ubi9-minimal_jfk-audio-rice-university-12-september-1962_cpu_basic_cold_d00e5348,Intel(R) Xeon(R) Platinum 8259CL CPU @ 2.50GHz,24,68.9,43874.35,0,Tesla T4,4,0,32,15.14,0.0,1.430511474609375e-06,466.1948709487915,466.19487476348877,466.19487476348877
2025-05-08,13:40:57,whisper-tiny_en-ubi9-minimal_jfk-audio-rice-university-12-september-1962_cpu_basic_cold_d00e5348,Intel(R) Xeon(R) Platinum 8259CL CPU @ 2.50GHz,24,68.9,43874.35,1,Tesla T4,4,0,26,14.43,0.0,1.430511474609375e-06,466.1948709487915,466.19487476348877,466.19487476348877
2025-05-08,13:40:57,whisper-tiny_en-ubi9-minimal_jfk-audio-rice-university-12-september-1962_cpu_basic_cold_d00e5348,Intel(R) Xeon(R) Platinum 8259CL CPU @ 2.50GHz,24,68.9,43874.35,2,Tesla T4,4,0,25,13.73,0.0,1.430511474609375e-06,466.1948709487915,466.19487476348877,466.19487476348877
2025-05-08,13:40:57,whisper-tiny_en-ubi9-minimal_jfk-audio-rice-university-12-september-1962_cpu_basic_cold_d00e5348,Intel(R) Xeon(R) Platinum 8259CL CPU @ 2.50GHz,24,68.9,43874.35,3,Tesla T4,4,0,24,13.46,0.0,1.430511474609375e-06,466.1948709487915,466.19487476348877,466.19487476348877
2025-05-08,13:52:07,whisper-tiny_en-ubi9-minimal_jfk-audio-rice-university-12-september-1962_cpu_basic_warm_c2905fc4,Intel(R) Xeon(R) Platinum 8259CL CPU @ 2.50GHz,24,69.3,44094.0,0,Tesla T4,4,0,25,13.86,0.0,1.6689300537109375e-06,669.5416398048401,669.5416445732117,669.5416445732117
2025-05-08,13:52:07,whisper-tiny_en-ubi9-minimal_jfk-audio-rice-university-12-september-1962_cpu_basic_warm_c2905fc4,Intel(R) Xeon(R) Platinum 8259CL CPU @ 2.50GHz,24,69.3,44094.0,1,Tesla T4,4,0,26,13.73,0.0,1.6689300537109375e-06,669.5416398048401,669.5416445732117,669.5416445732117
2025-05-08,13:52:07,whisper-tiny_en-ubi9-minimal_jfk-audio-rice-university-12-september-1962_cpu_basic_warm_c2905fc4,Intel(R) Xeon(R) Platinum 8259CL CPU @ 2.50GHz,24,69.3,44094.0,2,Tesla T4,4,0,25,14.01,0.0,1.6689300537109375e-06,669.5416398048401,669.5416445732117,669.5416445732117
2025-05-08,13:52:07,whisper-tiny_en-ubi9-minimal_jfk-audio-rice-university-12-september-1962_cpu_basic_warm_c2905fc4,Intel(R) Xeon(R) Platinum 8259CL CPU @ 2.50GHz,24,69.3,44094.0,3,Tesla T4,4,0,24,13.87,0.0,1.6689300537109375e-06,669.5416398048401,669.5416445732117,669.5416445732117
2025-05-08,13:52:07,whisper-tiny_en-ubi9-minimal_jfk-audio-rice-university-12-september-1962_cpu_hyperparam_cold_08431844,Intel(R) Xeon(R) Platinum 8259CL CPU @ 2.50GHz,24,68.8,44477.52,0,Tesla T4,4,0,25,13.87,0.0,9.5367431640625e-07,0.12605953216552734,0.12606263160705566,0.12606263160705566
2025-05-08,13:52:07,whisper-tiny_en-ubi9-minimal_jfk-audio-rice-university-12-september-1962_cpu_hyperparam_cold_08431844,Intel(R) Xeon(R) Platinum 8259CL CPU @ 2.50GHz,24,68.8,44477.52,1,Tesla T4,4,0,26,14.3,0.0,9.5367431640625e-07,0.12605953216552734,0.12606263160705566,0.12606263160705566
2025-05-08,13:52:07,whisper-tiny_en-ubi9-minimal_jfk-audio-rice-university-12-september-1962_cpu_hyperparam_cold_08431844,Intel(R) Xeon(R) Platinum 8259CL CPU @ 2.50GHz,24,68.8,44477.52,2,Tesla T4,4,0,25,14.71,0.0,9.5367431640625e-07,0.12605953216552734,0.12606263160705566,0.12606263160705566
2025-05-08,13:52:07,whisper-tiny_en-ubi9-minimal_jfk-audio-rice-university-12-september-1962_cpu_hyperparam_cold_08431844,Intel(R) Xeon(R) Platinum 8259CL CPU @ 2.50GHz,24,68.8,44477.52,3,Tesla T4,4,0,24,14.01,0.0,9.5367431640625e-07,0.12605953216552734,0.12606263160705566,0.12606263160705566
2025-05-08,13:52:08,whisper-tiny_en-ubi9-minimal_jfk-audio-rice-university-12-september-1962_cpu_hyperparam_warm_91b2f46f,Intel(R) Xeon(R) Platinum 8259CL CPU @ 2.50GHz,24,64.9,44667.2,0,Tesla T4,4,0,25,13.3,0.0,1.1920928955078125e-06,0.1251060962677002,0.12510967254638672,0.12510967254638672
2025-05-08,13:52:08,whisper-tiny_en-ubi9-minimal_jfk-audio-rice-university-12-september-1962_cpu_hyperparam_warm_91b2f46f,Intel(R) Xeon(R) Platinum 8259CL CPU @ 2.50GHz,24,64.9,44667.2,1,Tesla T4,4,0,26,14.3,0.0,1.1920928955078125e-06,0.1251060962677002,0.12510967254638672,0.12510967254638672
2025-05-08,13:52:08,whisper-tiny_en-ubi9-minimal_jfk-audio-rice-university-12-september-1962_cpu_hyperparam_warm_91b2f46f,Intel(R) Xeon(R) Platinum 8259CL CPU @ 2.50GHz,24,64.9,44667.2,2,Tesla T4,4,0,25,13.6,0.0,1.1920928955078125e-06,0.1251060962677002,0.12510967254638672,0.12510967254638672
2025-05-08,13:52:08,whisper-tiny_en-ubi9-minimal_jfk-audio-rice-university-12-september-1962_cpu_hyperparam_warm_91b2f46f,Intel(R) Xeon(R) Platinum 8259CL CPU @ 2.50GHz,24,64.9,44667.2,3,Tesla T4,4,0,24,13.3,0.0,1.1920928955078125e-06,0.1251060962677002,0.12510967254638672,0.12510967254638672
2025-05-08,13:52:08,whisper-base_en-ubi9-minimal_jfk-audio-inaugural-address-20-january-1961_cpu_basic_cold_14fb2c78,Intel(R) Xeon(R) Platinum 8259CL CPU @ 2.50GHz,24,70.4,44414.97,0,Tesla T4,4,0,25,13.86,0.0,1.6689300537109375e-06,0.11256217956542969,0.11256647109985352,0.11256647109985352
2025-05-08,13:52:08,whisper-base_en-ubi9-minimal_jfk-audio-inaugural-address-20-january-1961_cpu_basic_cold_14fb2c78,Intel(R) Xeon(R) Platinum 8259CL CPU @ 2.50GHz,24,70.4,44414.97,1,Tesla T4,4,0,26,13.59,0.0,1.6689300537109375e-06,0.11256217956542969,0.11256647109985352,0.11256647109985352
2025-05-08,13:52:08,whisper-base_en-ubi9-minimal_jfk-audio-inaugural-address-20-january-1961_cpu_basic_cold_14fb2c78,Intel(R) Xeon(R) Platinum 8259CL CPU @ 2.50GHz,24,70.4,44414.97,2,Tesla T4,4,0,25,14.57,0.0,1.6689300537109375e-06,0.11256217956542969,0.11256647109985352,0.11256647109985352
2025-05-08,13:52:08,whisper-base_en-ubi9-minimal_jfk-audio-inaugural-address-20-january-1961_cpu_basic_cold_14fb2c78,Intel(R) Xeon(R) Platinum 8259CL CPU @ 2.50GHz,24,70.4,44414.97,3,Tesla T4,4,0,24,14.43,0.0,1.6689300537109375e-06,0.11256217956542969,0.11256647109985352,0.11256647109985352
2025-05-08,13:52:09,whisper-base_en-ubi9-minimal_jfk-audio-inaugural-address-20-january-1961_cpu_basic_warm_8ea5ed91,Intel(R) Xeon(R) Platinum 8259CL CPU @ 2.50GHz,24,70.7,44361.46,0,Tesla T4,4,0,25,14.0,0.0,1.6689300537109375e-06,0.12140750885009766,0.12141275405883789,0.12141275405883789
2025-05-08,13:52:09,whisper-base_en-ubi9-minimal_jfk-audio-inaugural-address-20-january-1961_cpu_basic_warm_8ea5ed91,Intel(R) Xeon(R) Platinum 8259CL CPU @ 2.50GHz,24,70.7,44361.46,1,Tesla T4,4,0,26,13.73,0.0,1.6689300537109375e-06,0.12140750885009766,0.12141275405883789,0.12141275405883789
2025-05-08,13:52:09,whisper-base_en-ubi9-minimal_jfk-audio-inaugural-address-20-january-1961_cpu_basic_warm_8ea5ed91,Intel(R) Xeon(R) Platinum 8259CL CPU @ 2.50GHz,24,70.7,44361.46,2,Tesla T4,4,0,25,14.3,0.0,1.6689300537109375e-06,0.12140750885009766,0.12141275405883789,0.12141275405883789
2025-05-08,13:52:09,whisper-base_en-ubi9-minimal_jfk-audio-inaugural-address-20-january-1961_cpu_basic_warm_8ea5ed91,Intel(R) Xeon(R) Platinum 8259CL CPU @ 2.50GHz,24,70.7,44361.46,3,Tesla T4,4,0,24,15.56,0.0,1.6689300537109375e-06,0.12140750885009766,0.12141275405883789,0.12141275405883789
2025-05-08,13:52:09,whisper-base_en-ubi9-minimal_jfk-audio-inaugural-address-20-january-1961_cpu_hyperparam_cold_5ebf82ea,Intel(R) Xeon(R) Platinum 8259CL CPU @ 2.50GHz,24,69.7,44589.02,0,Tesla T4,4,0,25,14.29,0.0,9.5367431640625e-07,0.10804367065429688,0.1080465316772461,0.1080465316772461
2025-05-08,13:52:09,whisper-base_en-ubi9-minimal_jfk-audio-inaugural-address-20-january-1961_cpu_hyperparam_cold_5ebf82ea,Intel(R) Xeon(R) Platinum 8259CL CPU @ 2.50GHz,24,69.7,44589.02,1,Tesla T4,4,0,26,15.97,0.0,9.5367431640625e-07,0.10804367065429688,0.1080465316772461,0.1080465316772461
2025-05-08,13:52:09,whisper-base_en-ubi9-minimal_jfk-audio-inaugural-address-20-january-1961_cpu_hyperparam_cold_5ebf82ea,Intel(R) Xeon(R) Platinum 8259CL CPU @ 2.50GHz,24,69.7,44589.02,2,Tesla T4,4,0,25,14.14,0.0,9.5367431640625e-07,0.10804367065429688,0.1080465316772461,0.1080465316772461
2025-05-08,13:52:09,whisper-base_en-ubi9-minimal_jfk-audio-inaugural-address-20-january-1961_cpu_hyperparam_cold_5ebf82ea,Intel(R) Xeon(R) Platinum 8259CL CPU @ 2.50GHz,24,69.7,44589.02,3,Tesla T4,4,0,24,13.59,0.0,9.5367431640625e-07,0.10804367065429688,0.1080465316772461,0.1080465316772461
2025-05-08,13:52:10,whisper-base_en-ubi9-minimal_jfk-audio-inaugural-address-20-january-1961_cpu_hyperparam_warm_cc21b0d7,Intel(R) Xeon(R) Platinum 8259CL CPU @ 2.50GHz,24,70.8,44836.88,0,Tesla T4,4,0,25,15.14,0.0,1.430511474609375e-06,0.11652803421020508,0.1165320873260498,0.1165320873260498
2025-05-08,13:52:10,whisper-base_en-ubi9-minimal_jfk-audio-inaugural-address-20-january-1961_cpu_hyperparam_warm_cc21b0d7,Intel(R) Xeon(R) Platinum 8259CL CPU @ 2.50GHz,24,70.8,44836.88,1,Tesla T4,4,0,26,14.3,0.0,1.430511474609375e-06,0.11652803421020508,0.1165320873260498,0.1165320873260498
2025-05-08,13:52:10,whisper-base_en-ubi9-minimal_jfk-audio-inaugural-address-20-january-1961_cpu_hyperparam_warm_cc21b0d7,Intel(R) Xeon(R) Platinum 8259CL CPU @ 2.50GHz,24,70.8,44836.88,2,Tesla T4,4,0,25,13.46,0.0,1.430511474609375e-06,0.11652803421020508,0.1165320873260498,0.1165320873260498
2025-05-08,13:52:10,whisper-base_en-ubi9-minimal_jfk-audio-inaugural-address-20-january-1961_cpu_hyperparam_warm_cc21b0d7,Intel(R) Xeon(R) Platinum 8259CL CPU @ 2.50GHz,24,70.8,44836.88,3,Tesla T4,4,0,24,14.01,0.0,1.430511474609375e-06,0.11652803421020508,0.1165320873260498,0.1165320873260498
2025-05-08,14:07:10,whisper-base_en-ubi9-minimal_jfk-audio-rice-university-12-september-1962_cpu_basic_cold_562feae3,Intel(R) Xeon(R) Platinum 8259CL CPU @ 2.50GHz,24,70.2,44982.98,0,Tesla T4,4,0,25,13.87,0.0,4.291534423828125e-06,899.2019779682159,899.2019875049591,899.2019875049591
2025-05-08,14:07:10,whisper-base_en-ubi9-minimal_jfk-audio-rice-university-12-september-1962_cpu_basic_cold_562feae3,Intel(R) Xeon(R) Platinum 8259CL CPU @ 2.50GHz,24,70.2,44982.98,1,Tesla T4,4,0,26,14.44,0.0,4.291534423828125e-06,899.2019779682159,899.2019875049591,899.2019875049591
2025-05-08,14:07:10,whisper-base_en-ubi9-minimal_jfk-audio-rice-university-12-september-1962_cpu_basic_cold_562feae3,Intel(R) Xeon(R) Platinum 8259CL CPU @ 2.50GHz,24,70.2,44982.98,2,Tesla T4,4,0,25,14.16,0.0,4.291534423828125e-06,899.2019779682159,899.2019875049591,899.2019875049591
2025-05-08,14:07:10,whisper-base_en-ubi9-minimal_jfk-audio-rice-university-12-september-1962_cpu_basic_cold_562feae3,Intel(R) Xeon(R) Platinum 8259CL CPU @ 2.50GHz,24,70.2,44982.98,3,Tesla T4,4,0,24,15.43,0.0,4.291534423828125e-06,899.2019779682159,899.2019875049591,899.2019875049591
2025-05-08,14:13:38,whisper-base_en-ubi9-minimal_jfk-audio-rice-university-12-september-1962_cpu_basic_warm_9500f4b5,Intel(R) Xeon(R) Platinum 8259CL CPU @ 2.50GHz,24,60.9,40910.32,0,Tesla T4,4,99,52,90.19,74.2,1.1920928955078125e-06,387.5093879699707,387.50939178466797,387.50939178466797
2025-05-08,14:13:38,whisper-base_en-ubi9-minimal_jfk-audio-rice-university-12-september-1962_cpu_basic_warm_9500f4b5,Intel(R) Xeon(R) Platinum 8259CL CPU @ 2.50GHz,24,60.9,40910.32,1,Tesla T4,4,0,26,13.99,0.0,1.1920928955078125e-06,387.5093879699707,387.50939178466797,387.50939178466797
2025-05-08,14:13:38,whisper-base_en-ubi9-minimal_jfk-audio-rice-university-12-september-1962_cpu_basic_warm_9500f4b5,Intel(R) Xeon(R) Platinum 8259CL CPU @ 2.50GHz,24,60.9,40910.32,2,Tesla T4,4,0,25,14.83,0.0,1.1920928955078125e-06,387.5093879699707,387.50939178466797,387.50939178466797
2025-05-08,14:13:38,whisper-base_en-ubi9-minimal_jfk-audio-rice-university-12-september-1962_cpu_basic_warm_9500f4b5,Intel(R) Xeon(R) Platinum 8259CL CPU @ 2.50GHz,24,60.9,40910.32,3,Tesla T4,4,0,24,13.7,0.0,1.1920928955078125e-06,387.5093879699707,387.50939178466797,387.50939178466797
2025-05-08,14:14:39,whisper-base_en-ubi9-minimal_jfk-audio-rice-university-12-september-1962_cpu_hyperparam_cold_1c73df93,Intel(R) Xeon(R) Platinum 8259CL CPU @ 2.50GHz,24,89.3,41781.97,0,Tesla T4,4,96,52,104.69,86.37,2.1457672119140625e-06,60.39767122268677,60.39767622947693,60.39767622947693
2025-05-08,14:14:39,whisper-base_en-ubi9-minimal_jfk-audio-rice-university-12-september-1962_cpu_hyperparam_cold_1c73df93,Intel(R) Xeon(R) Platinum 8259CL CPU @ 2.50GHz,24,89.3,41781.97,1,Tesla T4,4,0,26,14.27,0.0,2.1457672119140625e-06,60.39767122268677,60.39767622947693,60.39767622947693
2025-05-08,14:14:39,whisper-base_en-ubi9-minimal_jfk-audio-rice-university-12-september-1962_cpu_hyperparam_cold_1c73df93,Intel(R) Xeon(R) Platinum 8259CL CPU @ 2.50GHz,24,89.3,41781.97,2,Tesla T4,4,0,25,13.71,0.0,2.1457672119140625e-06,60.39767122268677,60.39767622947693,60.39767622947693
2025-05-08,14:14:39,whisper-base_en-ubi9-minimal_jfk-audio-rice-university-12-september-1962_cpu_hyperparam_cold_1c73df93,Intel(R) Xeon(R) Platinum 8259CL CPU @ 2.50GHz,24,89.3,41781.97,3,Tesla T4,4,0,25,14.54,0.0,2.1457672119140625e-06,60.39767122268677,60.39767622947693,60.39767622947693
2025-05-08,14:14:39,whisper-base_en-ubi9-minimal_jfk-audio-rice-university-12-september-1962_cpu_hyperparam_warm_ba139423,Intel(R) Xeon(R) Platinum 8259CL CPU @ 2.50GHz,24,96.1,41905.62,0,Tesla T4,4,98,52,97.74,86.37,9.5367431640625e-07,0.09835934638977051,0.0983724594116211,0.0983724594116211
2025-05-08,14:14:39,whisper-base_en-ubi9-minimal_jfk-audio-rice-university-12-september-1962_cpu_hyperparam_warm_ba139423,Intel(R) Xeon(R) Platinum 8259CL CPU @ 2.50GHz,24,96.1,41905.62,1,Tesla T4,4,0,26,13.57,0.0,9.5367431640625e-07,0.09835934638977051,0.0983724594116211,0.0983724594116211
2025-05-08,14:14:39,whisper-base_en-ubi9-minimal_jfk-audio-rice-university-12-september-1962_cpu_hyperparam_warm_ba139423,Intel(R) Xeon(R) Platinum 8259CL CPU @ 2.50GHz,24,96.1,41905.62,2,Tesla T4,4,0,25,14.13,0.0,9.5367431640625e-07,0.09835934638977051,0.0983724594116211,0.0983724594116211
2025-05-08,14:14:39,whisper-base_en-ubi9-minimal_jfk-audio-rice-university-12-september-1962_cpu_hyperparam_warm_ba139423,Intel(R) Xeon(R) Platinum 8259CL CPU @ 2.50GHz,24,96.1,41905.62,3,Tesla T4,4,0,25,13.84,0.0,9.5367431640625e-07,0.09835934638977051,0.0983724594116211,0.0983724594116211
2025-05-08,14:14:40,whisper-small_en-ubi9-minimal_jfk-audio-inaugural-address-20-january-1961_cpu_basic_cold_2905abf6,Intel(R) Xeon(R) Platinum 8259CL CPU @ 2.50GHz,24,94.6,41830.99,0,Tesla T4,4,97,52,80.57,86.37,3.5762786865234375e-06,0.1166999340057373,0.11670851707458496,0.11670851707458496
2025-05-08,14:14:40,whisper-small_en-ubi9-minimal_jfk-audio-inaugural-address-20-january-1961_cpu_basic_cold_2905abf6,Intel(R) Xeon(R) Platinum 8259CL CPU @ 2.50GHz,24,94.6,41830.99,1,Tesla T4,4,0,26,14.67,0.0,3.5762786865234375e-06,0.1166999340057373,0.11670851707458496,0.11670851707458496
2025-05-08,14:14:40,whisper-small_en-ubi9-minimal_jfk-audio-inaugural-address-20-january-1961_cpu_basic_cold_2905abf6,Intel(R) Xeon(R) Platinum 8259CL CPU @ 2.50GHz,24,94.6,41830.99,2,Tesla T4,4,0,25,14.7,0.0,3.5762786865234375e-06,0.1166999340057373,0.11670851707458496,0.11670851707458496
2025-05-08,14:14:40,whisper-small_en-ubi9-minimal_jfk-audio-inaugural-address-20-january-1961_cpu_basic_cold_2905abf6,Intel(R) Xeon(R) Platinum 8259CL CPU @ 2.50GHz,24,94.6,41830.99,3,Tesla T4,4,0,25,13.56,0.0,3.5762786865234375e-06,0.1166999340057373,0.11670851707458496,0.11670851707458496
2025-05-08,14:14:40,whisper-small_en-ubi9-minimal_jfk-audio-inaugural-address-20-january-1961_cpu_basic_warm_72a2b156,Intel(R) Xeon(R) Platinum 8259CL CPU @ 2.50GHz,24,95.6,42065.71,0,Tesla T4,4,97,52,100.31,86.97,1.1920928955078125e-06,0.15264058113098145,0.15264415740966797,0.15264415740966797
2025-05-08,14:14:40,whisper-small_en-ubi9-minimal_jfk-audio-inaugural-address-20-january-1961_cpu_basic_warm_72a2b156,Intel(R) Xeon(R) Platinum 8259CL CPU @ 2.50GHz,24,95.6,42065.71,1,Tesla T4,4,0,26,14.56,0.0,1.1920928955078125e-06,0.15264058113098145,0.15264415740966797,0.15264415740966797
2025-05-08,14:14:40,whisper-small_en-ubi9-minimal_jfk-audio-inaugural-address-20-january-1961_cpu_basic_warm_72a2b156,Intel(R) Xeon(R) Platinum 8259CL CPU @ 2.50GHz,24,95.6,42065.71,2,Tesla T4,4,0,25,14.69,0.0,1.1920928955078125e-06,0.15264058113098145,0.15264415740966797,0.15264415740966797
2025-05-08,14:14:40,whisper-small_en-ubi9-minimal_jfk-audio-inaugural-address-20-january-1961_cpu_basic_warm_72a2b156,Intel(R) Xeon(R) Platinum 8259CL CPU @ 2.50GHz,24,95.6,42065.71,3,Tesla T4,4,0,25,16.07,0.0,1.1920928955078125e-06,0.15264058113098145,0.15264415740966797,0.15264415740966797
2025-05-08,14:14:41,whisper-small_en-ubi9-minimal_jfk-audio-inaugural-address-20-january-1961_cpu_hyperparam_cold_538b1b96,Intel(R) Xeon(R) Platinum 8259CL CPU @ 2.50GHz,24,57.0,41685.83,0,Tesla T4,4,99,52,98.51,91.58,1.1920928955078125e-06,0.09711670875549316,0.09711956977844238,0.09711956977844238
2025-05-08,14:14:41,whisper-small_en-ubi9-minimal_jfk-audio-inaugural-address-20-january-1961_cpu_hyperparam_cold_538b1b96,Intel(R) Xeon(R) Platinum 8259CL CPU @ 2.50GHz,24,57.0,41685.83,1,Tesla T4,4,0,26,13.99,0.0,1.1920928955078125e-06,0.09711670875549316,0.09711956977844238,0.09711956977844238
2025-05-08,14:14:41,whisper-small_en-ubi9-minimal_jfk-audio-inaugural-address-20-january-1961_cpu_hyperparam_cold_538b1b96,Intel(R) Xeon(R) Platinum 8259CL CPU @ 2.50GHz,24,57.0,41685.83,2,Tesla T4,4,0,25,13.43,0.0,1.1920928955078125e-06,0.09711670875549316,0.09711956977844238,0.09711956977844238
2025-05-08,14:14:41,whisper-small_en-ubi9-minimal_jfk-audio-inaugural-address-20-january-1961_cpu_hyperparam_cold_538b1b96,Intel(R) Xeon(R) Platinum 8259CL CPU @ 2.50GHz,24,57.0,41685.83,3,Tesla T4,4,0,25,13.7,0.0,1.1920928955078125e-06,0.09711670875549316,0.09711956977844238,0.09711956977844238
2025-05-08,14:14:41,whisper-small_en-ubi9-minimal_jfk-audio-inaugural-address-20-january-1961_cpu_hyperparam_warm_f0e2ab41,Intel(R) Xeon(R) Platinum 8259CL CPU @ 2.50GHz,24,57.1,41257.08,0,Tesla T4,4,98,51,86.04,96.66,1.1920928955078125e-06,0.10380697250366211,0.10380983352661133,0.10380983352661133
2025-05-08,14:14:41,whisper-small_en-ubi9-minimal_jfk-audio-inaugural-address-20-january-1961_cpu_hyperparam_warm_f0e2ab41,Intel(R) Xeon(R) Platinum 8259CL CPU @ 2.50GHz,24,57.1,41257.08,1,Tesla T4,4,0,26,13.86,0.0,1.1920928955078125e-06,0.10380697250366211,0.10380983352661133,0.10380983352661133
2025-05-08,14:14:41,whisper-small_en-ubi9-minimal_jfk-audio-inaugural-address-20-january-1961_cpu_hyperparam_warm_f0e2ab41,Intel(R) Xeon(R) Platinum 8259CL CPU @ 2.50GHz,24,57.1,41257.08,2,Tesla T4,4,0,25,14.69,0.0,1.1920928955078125e-06,0.10380697250366211,0.10380983352661133,0.10380983352661133
2025-05-08,14:14:41,whisper-small_en-ubi9-minimal_jfk-audio-inaugural-address-20-january-1961_cpu_hyperparam_warm_f0e2ab41,Intel(R) Xeon(R) Platinum 8259CL CPU @ 2.50GHz,24,57.1,41257.08,3,Tesla T4,4,0,25,14.13,0.0,1.1920928955078125e-06,0.10380697250366211,0.10380983352661133,0.10380983352661133
2025-05-08,14:25:20,whisper-small_en-ubi9-minimal_jfk-audio-rice-university-12-september-1962_cpu_basic_cold_3aded682,Intel(R) Xeon(R) Platinum 8259CL CPU @ 2.50GHz,24,70.0,44643.28,0,Tesla T4,4,0,27,19.63,0.0,1.9073486328125e-06,638.7566397190094,638.7566442489624,638.7566442489624
2025-05-08,14:25:20,whisper-small_en-ubi9-minimal_jfk-audio-rice-university-12-september-1962_cpu_basic_cold_3aded682,Intel(R) Xeon(R) Platinum 8259CL CPU @ 2.50GHz,24,70.0,44643.28,1,Tesla T4,4,0,28,19.77,0.0,1.9073486328125e-06,638.7566397190094,638.7566442489624,638.7566442489624
2025-05-08,14:25:20,whisper-small_en-ubi9-minimal_jfk-audio-rice-university-12-september-1962_cpu_basic_cold_3aded682,Intel(R) Xeon(R) Platinum 8259CL CPU @ 2.50GHz,24,70.0,44643.28,2,Tesla T4,4,0,27,19.77,0.0,1.9073486328125e-06,638.7566397190094,638.7566442489624,638.7566442489624
2025-05-08,14:25:20,whisper-small_en-ubi9-minimal_jfk-audio-rice-university-12-september-1962_cpu_basic_cold_3aded682,Intel(R) Xeon(R) Platinum 8259CL CPU @ 2.50GHz,24,70.0,44643.28,3,Tesla T4,4,0,26,19.77,0.0,1.9073486328125e-06,638.7566397190094,638.7566442489624,638.7566442489624
2025-05-08,14:29:15,whisper-small_en-ubi9-minimal_jfk-audio-rice-university-12-september-1962_cpu_basic_warm_7f087324,Intel(R) Xeon(R) Platinum 8259CL CPU @ 2.50GHz,24,60.8,41715.18,0,Tesla T4,4,48,48,82.33,69.79,1.6689300537109375e-06,234.23752856254578,234.2375328540802,234.2375328540802
2025-05-08,14:29:15,whisper-small_en-ubi9-minimal_jfk-audio-rice-university-12-september-1962_cpu_basic_warm_7f087324,Intel(R) Xeon(R) Platinum 8259CL CPU @ 2.50GHz,24,60.8,41715.18,1,Tesla T4,4,0,28,19.86,0.0,1.6689300537109375e-06,234.23752856254578,234.2375328540802,234.2375328540802
2025-05-08,14:29:15,whisper-small_en-ubi9-minimal_jfk-audio-rice-university-12-september-1962_cpu_basic_warm_7f087324,Intel(R) Xeon(R) Platinum 8259CL CPU @ 2.50GHz,24,60.8,41715.18,2,Tesla T4,4,0,27,19.71,0.0,1.6689300537109375e-06,234.23752856254578,234.2375328540802,234.2375328540802
2025-05-08,14:29:15,whisper-small_en-ubi9-minimal_jfk-audio-rice-university-12-september-1962_cpu_basic_warm_7f087324,Intel(R) Xeon(R) Platinum 8259CL CPU @ 2.50GHz,24,60.8,41715.18,3,Tesla T4,4,0,26,19.7,0.0,1.6689300537109375e-06,234.23752856254578,234.2375328540802,234.2375328540802
2025-05-08,14:29:16,whisper-small_en-ubi9-minimal_jfk-audio-rice-university-12-september-1962_cpu_hyperparam_cold_0404d289,Intel(R) Xeon(R) Platinum 8259CL CPU @ 2.50GHz,24,59.9,41702.61,0,Tesla T4,4,46,48,78.71,69.86,2.6226043701171875e-06,0.09880304336547852,0.09881091117858887,0.09881091117858887
2025-05-08,14:29:16,whisper-small_en-ubi9-minimal_jfk-audio-rice-university-12-september-1962_cpu_hyperparam_cold_0404d289,Intel(R) Xeon(R) Platinum 8259CL CPU @ 2.50GHz,24,59.9,41702.61,1,Tesla T4,4,0,28,19.86,0.0,2.6226043701171875e-06,0.09880304336547852,0.09881091117858887,0.09881091117858887
2025-05-08,14:29:16,whisper-small_en-ubi9-minimal_jfk-audio-rice-university-12-september-1962_cpu_hyperparam_cold_0404d289,Intel(R) Xeon(R) Platinum 8259CL CPU @ 2.50GHz,24,59.9,41702.61,2,Tesla T4,4,0,27,19.86,0.0,2.6226043701171875e-06,0.09880304336547852,0.09881091117858887,0.09881091117858887
2025-05-08,14:29:16,whisper-small_en-ubi9-minimal_jfk-audio-rice-university-12-september-1962_cpu_hyperparam_cold_0404d289,Intel(R) Xeon(R) Platinum 8259CL CPU @ 2.50GHz,24,59.9,41702.61,3,Tesla T4,4,0,26,19.71,0.0,2.6226043701171875e-06,0.09880304336547852,0.09881091117858887,0.09881091117858887
2025-05-08,14:32:22,whisper-small_en-ubi9-minimal_jfk-audio-rice-university-12-september-1962_cpu_hyperparam_warm_3fc2110a,Intel(R) Xeon(R) Platinum 8259CL CPU @ 2.50GHz,24,58.5,35812.95,0,Tesla T4,4,59,40,55.87,11.61,1.430511474609375e-06,186.29859709739685,186.29860091209412,186.29860091209412
2025-05-08,14:32:22,whisper-small_en-ubi9-minimal_jfk-audio-rice-university-12-september-1962_cpu_hyperparam_warm_3fc2110a,Intel(R) Xeon(R) Platinum 8259CL CPU @ 2.50GHz,24,58.5,35812.95,1,Tesla T4,4,0,28,19.73,0.0,1.430511474609375e-06,186.29859709739685,186.29860091209412,186.29860091209412
2025-05-08,14:32:22,whisper-small_en-ubi9-minimal_jfk-audio-rice-university-12-september-1962_cpu_hyperparam_warm_3fc2110a,Intel(R) Xeon(R) Platinum 8259CL CPU @ 2.50GHz,24,58.5,35812.95,2,Tesla T4,4,0,27,19.73,0.0,1.430511474609375e-06,186.29859709739685,186.29860091209412,186.29860091209412
2025-05-08,14:32:22,whisper-small_en-ubi9-minimal_jfk-audio-rice-university-12-september-1962_cpu_hyperparam_warm_3fc2110a,Intel(R) Xeon(R) Platinum 8259CL CPU @ 2.50GHz,24,58.5,35812.95,3,Tesla T4,4,0,26,19.73,0.0,1.430511474609375e-06,186.29859709739685,186.29860091209412,186.29860091209412
2025-05-08,14:43:10,whisper-medium_en-ubi9-minimal_jfk-audio-inaugural-address-20-january-1961_cpu_basic_cold_6e4256cd,Intel(R) Xeon(R) Platinum 8259CL CPU @ 2.50GHz,24,58.2,36036.52,0,Tesla T4,4,70,44,88.27,37.56,1.1920928955078125e-06,647.0570764541626,647.0570821762085,647.0570821762085
2025-05-08,14:43:10,whisper-medium_en-ubi9-minimal_jfk-audio-inaugural-address-20-january-1961_cpu_basic_cold_6e4256cd,Intel(R) Xeon(R) Platinum 8259CL CPU @ 2.50GHz,24,58.2,36036.52,1,Tesla T4,4,0,28,19.83,0.0,1.1920928955078125e-06,647.0570764541626,647.0570821762085,647.0570821762085
2025-05-08,14:43:10,whisper-medium_en-ubi9-minimal_jfk-audio-inaugural-address-20-january-1961_cpu_basic_cold_6e4256cd,Intel(R) Xeon(R) Platinum 8259CL CPU @ 2.50GHz,24,58.2,36036.52,2,Tesla T4,4,0,27,19.7,0.0,1.1920928955078125e-06,647.0570764541626,647.0570821762085,647.0570821762085
2025-05-08,14:43:10,whisper-medium_en-ubi9-minimal_jfk-audio-inaugural-address-20-january-1961_cpu_basic_cold_6e4256cd,Intel(R) Xeon(R) Platinum 8259CL CPU @ 2.50GHz,24,58.2,36036.52,3,Tesla T4,4,0,26,19.7,0.0,1.1920928955078125e-06,647.0570764541626,647.0570821762085,647.0570821762085
2025-05-08,14:43:11,whisper-medium_en-ubi9-minimal_jfk-audio-inaugural-address-20-january-1961_cpu_basic_warm_938ec7a9,Intel(R) Xeon(R) Platinum 8259CL CPU @ 2.50GHz,24,57.8,36020.96,0,Tesla T4,4,82,44,83.57,40.61,1.430511474609375e-06,0.15400433540344238,0.1540086269378662,0.1540086269378662
2025-05-08,14:43:11,whisper-medium_en-ubi9-minimal_jfk-audio-inaugural-address-20-january-1961_cpu_basic_warm_938ec7a9,Intel(R) Xeon(R) Platinum 8259CL CPU @ 2.50GHz,24,57.8,36020.96,1,Tesla T4,4,0,28,19.84,0.0,1.430511474609375e-06,0.15400433540344238,0.1540086269378662,0.1540086269378662
2025-05-08,14:43:11,whisper-medium_en-ubi9-minimal_jfk-audio-inaugural-address-20-january-1961_cpu_basic_warm_938ec7a9,Intel(R) Xeon(R) Platinum 8259CL CPU @ 2.50GHz,24,57.8,36020.96,2,Tesla T4,4,0,27,19.7,0.0,1.430511474609375e-06,0.15400433540344238,0.1540086269378662,0.1540086269378662
2025-05-08,14:43:11,whisper-medium_en-ubi9-minimal_jfk-audio-inaugural-address-20-january-1961_cpu_basic_warm_938ec7a9,Intel(R) Xeon(R) Platinum 8259CL CPU @ 2.50GHz,24,57.8,36020.96,3,Tesla T4,4,0,26,19.71,0.0,1.430511474609375e-06,0.15400433540344238,0.1540086269378662,0.1540086269378662
2025-05-08,14:43:11,whisper-medium_en-ubi9-minimal_jfk-audio-inaugural-address-20-january-1961_cpu_hyperparam_cold_db822f09,Intel(R) Xeon(R) Platinum 8259CL CPU @ 2.50GHz,24,58.6,36877.97,0,Tesla T4,4,76,44,97.29,45.23,1.6689300537109375e-06,0.26868534088134766,0.2686893939971924,0.2686893939971924
2025-05-08,14:43:11,whisper-medium_en-ubi9-minimal_jfk-audio-inaugural-address-20-january-1961_cpu_hyperparam_cold_db822f09,Intel(R) Xeon(R) Platinum 8259CL CPU @ 2.50GHz,24,58.6,36877.97,1,Tesla T4,4,0,28,19.86,0.0,1.6689300537109375e-06,0.26868534088134766,0.2686893939971924,0.2686893939971924
2025-05-08,14:43:11,whisper-medium_en-ubi9-minimal_jfk-audio-inaugural-address-20-january-1961_cpu_hyperparam_cold_db822f09,Intel(R) Xeon(R) Platinum 8259CL CPU @ 2.50GHz,24,58.6,36877.97,2,Tesla T4,4,0,27,19.7,0.0,1.6689300537109375e-06,0.26868534088134766,0.2686893939971924,0.2686893939971924
2025-05-08,14:43:11,whisper-medium_en-ubi9-minimal_jfk-audio-inaugural-address-20-january-1961_cpu_hyperparam_cold_db822f09,Intel(R) Xeon(R) Platinum 8259CL CPU @ 2.50GHz,24,58.6,36877.97,3,Tesla T4,4,0,26,19.7,0.0,1.6689300537109375e-06,0.26868534088134766,0.2686893939971924,0.2686893939971924
2025-05-08,14:43:12,whisper-medium_en-ubi9-minimal_jfk-audio-inaugural-address-20-january-1961_cpu_hyperparam_warm_db53f41d,Intel(R) Xeon(R) Platinum 8259CL CPU @ 2.50GHz,24,57.3,36888.4,0,Tesla T4,4,84,44,96.66,48.25,1.9073486328125e-06,0.11484932899475098,0.11485433578491211,0.11485433578491211
2025-05-08,14:43:12,whisper-medium_en-ubi9-minimal_jfk-audio-inaugural-address-20-january-1961_cpu_hyperparam_warm_db53f41d,Intel(R) Xeon(R) Platinum 8259CL CPU @ 2.50GHz,24,57.3,36888.4,1,Tesla T4,4,0,28,19.86,0.0,1.9073486328125e-06,0.11484932899475098,0.11485433578491211,0.11485433578491211
2025-05-08,14:43:12,whisper-medium_en-ubi9-minimal_jfk-audio-inaugural-address-20-january-1961_cpu_hyperparam_warm_db53f41d,Intel(R) Xeon(R) Platinum 8259CL CPU @ 2.50GHz,24,57.3,36888.4,2,Tesla T4,4,0,27,19.73,0.0,1.9073486328125e-06,0.11484932899475098,0.11485433578491211,0.11485433578491211
2025-05-08,14:43:12,whisper-medium_en-ubi9-minimal_jfk-audio-inaugural-address-20-january-1961_cpu_hyperparam_warm_db53f41d,Intel(R) Xeon(R) Platinum 8259CL CPU @ 2.50GHz,24,57.3,36888.4,3,Tesla T4,4,0,26,19.71,0.0,1.9073486328125e-06,0.11484932899475098,0.11485433578491211,0.11485433578491211
2025-05-08,14:55:57,whisper-medium_en-ubi9-minimal_jfk-audio-rice-university-12-september-1962_cpu_basic_cold_0d3ccd64,Intel(R) Xeon(R) Platinum 8259CL CPU @ 2.50GHz,24,59.9,41357.64,0,Tesla T4,4,98,50,89.49,74.23,1.430511474609375e-06,764.2858982086182,764.2859013080597,764.2859013080597
2025-05-08,14:55:57,whisper-medium_en-ubi9-minimal_jfk-audio-rice-university-12-september-1962_cpu_basic_cold_0d3ccd64,Intel(R) Xeon(R) Platinum 8259CL CPU @ 2.50GHz,24,59.9,41357.64,1,Tesla T4,4,0,28,19.84,0.0,1.430511474609375e-06,764.2858982086182,764.2859013080597,764.2859013080597
2025-05-08,14:55:57,whisper-medium_en-ubi9-minimal_jfk-audio-rice-university-12-september-1962_cpu_basic_cold_0d3ccd64,Intel(R) Xeon(R) Platinum 8259CL CPU @ 2.50GHz,24,59.9,41357.64,2,Tesla T4,4,0,27,19.86,0.0,1.430511474609375e-06,764.2858982086182,764.2859013080597,764.2859013080597
2025-05-08,14:55:57,whisper-medium_en-ubi9-minimal_jfk-audio-rice-university-12-september-1962_cpu_basic_cold_0d3ccd64,Intel(R) Xeon(R) Platinum 8259CL CPU @ 2.50GHz,24,59.9,41357.64,3,Tesla T4,4,0,26,19.7,0.0,1.430511474609375e-06,764.2858982086182,764.2859013080597,764.2859013080597
2025-05-08,14:58:18,whisper-medium_en-ubi9-minimal_jfk-audio-rice-university-12-september-1962_cpu_basic_warm_e82abce1,Intel(R) Xeon(R) Platinum 8259CL CPU @ 2.50GHz,24,58.6,41034.17,0,Tesla T4,4,0,30,14.7,0.02,9.5367431640625e-07,140.66509008407593,140.6650938987732,140.6650938987732
2025-05-08,14:58:18,whisper-medium_en-ubi9-minimal_jfk-audio-rice-university-12-september-1962_cpu_basic_warm_e82abce1,Intel(R) Xeon(R) Platinum 8259CL CPU @ 2.50GHz,24,58.6,41034.17,1,Tesla T4,4,0,28,19.9,0.0,9.5367431640625e-07,140.66509008407593,140.6650938987732,140.6650938987732
2025-05-08,14:58:18,whisper-medium_en-ubi9-minimal_jfk-audio-rice-university-12-september-1962_cpu_basic_warm_e82abce1,Intel(R) Xeon(R) Platinum 8259CL CPU @ 2.50GHz,24,58.6,41034.17,2,Tesla T4,4,0,27,19.77,0.0,9.5367431640625e-07,140.66509008407593,140.6650938987732,140.6650938987732
2025-05-08,14:58:18,whisper-medium_en-ubi9-minimal_jfk-audio-rice-university-12-september-1962_cpu_basic_warm_e82abce1,Intel(R) Xeon(R) Platinum 8259CL CPU @ 2.50GHz,24,58.6,41034.17,3,Tesla T4,4,0,26,19.76,0.0,9.5367431640625e-07,140.66509008407593,140.6650938987732,140.6650938987732
2025-05-08,14:58:18,whisper-medium_en-ubi9-minimal_jfk-audio-rice-university-12-september-1962_cpu_hyperparam_cold_58e6881d,Intel(R) Xeon(R) Platinum 8259CL CPU @ 2.50GHz,24,58.5,41197.28,0,Tesla T4,4,0,30,13.86,0.02,1.430511474609375e-06,0.09887862205505371,0.09888219833374023,0.09888219833374023
2025-05-08,14:58:18,whisper-medium_en-ubi9-minimal_jfk-audio-rice-university-12-september-1962_cpu_hyperparam_cold_58e6881d,Intel(R) Xeon(R) Platinum 8259CL CPU @ 2.50GHz,24,58.5,41197.28,1,Tesla T4,4,0,28,19.9,0.0,1.430511474609375e-06,0.09887862205505371,0.09888219833374023,0.09888219833374023
2025-05-08,14:58:18,whisper-medium_en-ubi9-minimal_jfk-audio-rice-university-12-september-1962_cpu_hyperparam_cold_58e6881d,Intel(R) Xeon(R) Platinum 8259CL CPU @ 2.50GHz,24,58.5,41197.28,2,Tesla T4,4,0,27,19.76,0.0,1.430511474609375e-06,0.09887862205505371,0.09888219833374023,0.09888219833374023
2025-05-08,14:58:18,whisper-medium_en-ubi9-minimal_jfk-audio-rice-university-12-september-1962_cpu_hyperparam_cold_58e6881d,Intel(R) Xeon(R) Platinum 8259CL CPU @ 2.50GHz,24,58.5,41197.28,3,Tesla T4,4,0,26,19.76,0.0,1.430511474609375e-06,0.09887862205505371,0.09888219833374023,0.09888219833374023
2025-05-08,14:58:19,whisper-medium_en-ubi9-minimal_jfk-audio-rice-university-12-september-1962_cpu_hyperparam_warm_e6471a1d,Intel(R) Xeon(R) Platinum 8259CL CPU @ 2.50GHz,24,57.6,40144.38,0,Tesla T4,4,8,31,37.61,1.22,1.1920928955078125e-06,0.2212076187133789,0.22121024131774902,0.22121024131774902
2025-05-08,14:58:19,whisper-medium_en-ubi9-minimal_jfk-audio-rice-university-12-september-1962_cpu_hyperparam_warm_e6471a1d,Intel(R) Xeon(R) Platinum 8259CL CPU @ 2.50GHz,24,57.6,40144.38,1,Tesla T4,4,0,28,19.73,0.0,1.1920928955078125e-06,0.2212076187133789,0.22121024131774902,0.22121024131774902
2025-05-08,14:58:19,whisper-medium_en-ubi9-minimal_jfk-audio-rice-university-12-september-1962_cpu_hyperparam_warm_e6471a1d,Intel(R) Xeon(R) Platinum 8259CL CPU @ 2.50GHz,24,57.6,40144.38,2,Tesla T4,4,0,27,19.74,0.0,1.1920928955078125e-06,0.2212076187133789,0.22121024131774902,0.22121024131774902
2025-05-08,14:58:19,whisper-medium_en-ubi9-minimal_jfk-audio-rice-university-12-september-1962_cpu_hyperparam_warm_e6471a1d,Intel(R) Xeon(R) Platinum 8259CL CPU @ 2.50GHz,24,57.6,40144.38,3,Tesla T4,4,0,26,19.74,0.0,1.1920928955078125e-06,0.2212076187133789,0.22121024131774902,0.22121024131774902
2025-05-08,14:58:19,whisper-large-ubi9-minimal_harvard_gpu_hyperparam_cold_f0c5e5c2,Intel(R) Xeon(R) Platinum 8259CL CPU @ 2.50GHz,24,57.4,40526.7,0,Tesla T4,4,12,32,37.61,4.02,1.430511474609375e-06,0.11937642097473145,0.11937975883483887,0.11937975883483887
2025-05-08,14:58:19,whisper-large-ubi9-minimal_harvard_gpu_hyperparam_cold_f0c5e5c2,Intel(R) Xeon(R) Platinum 8259CL CPU @ 2.50GHz,24,57.4,40526.7,1,Tesla T4,4,0,28,19.89,0.0,1.430511474609375e-06,0.11937642097473145,0.11937975883483887,0.11937975883483887
2025-05-08,14:58:19,whisper-large-ubi9-minimal_harvard_gpu_hyperparam_cold_f0c5e5c2,Intel(R) Xeon(R) Platinum 8259CL CPU @ 2.50GHz,24,57.4,40526.7,2,Tesla T4,4,0,27,19.74,0.0,1.430511474609375e-06,0.11937642097473145,0.11937975883483887,0.11937975883483887
2025-05-08,14:58:19,whisper-large-ubi9-minimal_harvard_gpu_hyperparam_cold_f0c5e5c2,Intel(R) Xeon(R) Platinum 8259CL CPU @ 2.50GHz,24,57.4,40526.7,3,Tesla T4,4,0,26,19.74,0.0,1.430511474609375e-06,0.11937642097473145,0.11937975883483887,0.11937975883483887
2025-05-08,14:58:20,whisper-large-ubi9-minimal_harvard_gpu_hyperparam_warm_fb40adfc,Intel(R) Xeon(R) Platinum 8259CL CPU @ 2.50GHz,24,55.9,41245.64,0,Tesla T4,4,14,32,37.74,7.0,1.1920928955078125e-06,0.10108256340026855,0.10108566284179688,0.10108566284179688
2025-05-08,14:58:20,whisper-large-ubi9-minimal_harvard_gpu_hyperparam_warm_fb40adfc,Intel(R) Xeon(R) Platinum 8259CL CPU @ 2.50GHz,24,55.9,41245.64,1,Tesla T4,4,0,28,19.89,0.0,1.1920928955078125e-06,0.10108256340026855,0.10108566284179688,0.10108566284179688
2025-05-08,14:58:20,whisper-large-ubi9-minimal_harvard_gpu_hyperparam_warm_fb40adfc,Intel(R) Xeon(R) Platinum 8259CL CPU @ 2.50GHz,24,55.9,41245.64,2,Tesla T4,4,0,27,19.74,0.0,1.1920928955078125e-06,0.10108256340026855,0.10108566284179688,0.10108566284179688
2025-05-08,14:58:20,whisper-large-ubi9-minimal_harvard_gpu_hyperparam_warm_fb40adfc,Intel(R) Xeon(R) Platinum 8259CL CPU @ 2.50GHz,24,55.9,41245.64,3,Tesla T4,4,0,26,19.74,0.0,1.1920928955078125e-06,0.10108256340026855,0.10108566284179688,0.10108566284179688
2025-05-08,15:02:36,whisper-large-ubi9-minimal_jfk-audio-inaugural-address-20-january-1961_cpu_basic_cold_2cc35100,Intel(R) Xeon(R) Platinum 8259CL CPU @ 2.50GHz,24,68.1,44523.27,0,Tesla T4,4,0,25,13.43,0.0,1.430511474609375e-06,255.34920287132263,255.34920859336853,255.34920859336853
2025-05-08,15:02:36,whisper-large-ubi9-minimal_jfk-audio-inaugural-address-20-january-1961_cpu_basic_cold_2cc35100,Intel(R) Xeon(R) Platinum 8259CL CPU @ 2.50GHz,24,68.1,44523.27,1,Tesla T4,4,0,28,19.9,0.0,1.430511474609375e-06,255.34920287132263,255.34920859336853,255.34920859336853
2025-05-08,15:02:36,whisper-large-ubi9-minimal_jfk-audio-inaugural-address-20-january-1961_cpu_basic_cold_2cc35100,Intel(R) Xeon(R) Platinum 8259CL CPU @ 2.50GHz,24,68.1,44523.27,2,Tesla T4,4,0,27,19.76,0.0,1.430511474609375e-06,255.34920287132263,255.34920859336853,255.34920859336853
2025-05-08,15:02:36,whisper-large-ubi9-minimal_jfk-audio-inaugural-address-20-january-1961_cpu_basic_cold_2cc35100,Intel(R) Xeon(R) Platinum 8259CL CPU @ 2.50GHz,24,68.1,44523.27,3,Tesla T4,4,0,26,19.74,0.0,1.430511474609375e-06,255.34920287132263,255.34920859336853,255.34920859336853
2025-05-08,15:03:01,whisper-large-ubi9-minimal_jfk-audio-inaugural-address-20-january-1961_cpu_basic_warm_2bbc9588,Intel(R) Xeon(R) Platinum 8259CL CPU @ 2.50GHz,24,62.9,42652.36,0,Tesla T4,4,0,29,37.04,44.28,1.1920928955078125e-06,25.01903486251831,25.019038438796997,25.019038438796997
2025-05-08,15:03:01,whisper-large-ubi9-minimal_jfk-audio-inaugural-address-20-january-1961_cpu_basic_warm_2bbc9588,Intel(R) Xeon(R) Platinum 8259CL CPU @ 2.50GHz,24,62.9,42652.36,1,Tesla T4,4,0,28,19.89,0.0,1.1920928955078125e-06,25.01903486251831,25.019038438796997,25.019038438796997
2025-05-08,15:03:01,whisper-large-ubi9-minimal_jfk-audio-inaugural-address-20-january-1961_cpu_basic_warm_2bbc9588,Intel(R) Xeon(R) Platinum 8259CL CPU @ 2.50GHz,24,62.9,42652.36,2,Tesla T4,4,0,27,19.74,0.0,1.1920928955078125e-06,25.01903486251831,25.019038438796997,25.019038438796997
2025-05-08,15:03:01,whisper-large-ubi9-minimal_jfk-audio-inaugural-address-20-january-1961_cpu_basic_warm_2bbc9588,Intel(R) Xeon(R) Platinum 8259CL CPU @ 2.50GHz,24,62.9,42652.36,3,Tesla T4,4,0,26,19.74,0.0,1.1920928955078125e-06,25.01903486251831,25.019038438796997,25.019038438796997
2025-05-08,15:03:02,whisper-large-ubi9-minimal_jfk-audio-inaugural-address-20-january-1961_cpu_hyperparam_cold_9147cdd1,Intel(R) Xeon(R) Platinum 8259CL CPU @ 2.50GHz,24,65.8,42661.76,0,Tesla T4,4,0,29,36.91,44.28,1.9073486328125e-06,0.10552763938903809,0.10553169250488281,0.10553169250488281
2025-05-08,15:03:02,whisper-large-ubi9-minimal_jfk-audio-inaugural-address-20-january-1961_cpu_hyperparam_cold_9147cdd1,Intel(R) Xeon(R) Platinum 8259CL CPU @ 2.50GHz,24,65.8,42661.76,1,Tesla T4,4,0,28,19.89,0.0,1.9073486328125e-06,0.10552763938903809,0.10553169250488281,0.10553169250488281
2025-05-08,15:03:02,whisper-large-ubi9-minimal_jfk-audio-inaugural-address-20-january-1961_cpu_hyperparam_cold_9147cdd1,Intel(R) Xeon(R) Platinum 8259CL CPU @ 2.50GHz,24,65.8,42661.76,2,Tesla T4,4,0,27,19.74,0.0,1.9073486328125e-06,0.10552763938903809,0.10553169250488281,0.10553169250488281
2025-05-08,15:03:02,whisper-large-ubi9-minimal_jfk-audio-inaugural-address-20-january-1961_cpu_hyperparam_cold_9147cdd1,Intel(R) Xeon(R) Platinum 8259CL CPU @ 2.50GHz,24,65.8,42661.76,3,Tesla T4,4,0,26,19.74,0.0,1.9073486328125e-06,0.10552763938903809,0.10553169250488281,0.10553169250488281
2025-05-08,15:03:16,whisper-large-ubi9-minimal_jfk-audio-inaugural-address-20-january-1961_cpu_hyperparam_warm_2d3f9d83,Intel(R) Xeon(R) Platinum 8259CL CPU @ 2.50GHz,24,58.2,41627.4,0,Tesla T4,4,98,40,92.56,82.92,9.5367431640625e-07,14.297667980194092,14.2976713180542,14.2976713180542
2025-05-08,15:03:16,whisper-large-ubi9-minimal_jfk-audio-inaugural-address-20-january-1961_cpu_hyperparam_warm_2d3f9d83,Intel(R) Xeon(R) Platinum 8259CL CPU @ 2.50GHz,24,58.2,41627.4,1,Tesla T4,4,0,28,19.84,0.0,9.5367431640625e-07,14.297667980194092,14.2976713180542,14.2976713180542
2025-05-08,15:03:16,whisper-large-ubi9-minimal_jfk-audio-inaugural-address-20-january-1961_cpu_hyperparam_warm_2d3f9d83,Intel(R) Xeon(R) Platinum 8259CL CPU @ 2.50GHz,24,58.2,41627.4,2,Tesla T4,4,0,27,19.7,0.0,9.5367431640625e-07,14.297667980194092,14.2976713180542,14.2976713180542
2025-05-08,15:03:16,whisper-large-ubi9-minimal_jfk-audio-inaugural-address-20-january-1961_cpu_hyperparam_warm_2d3f9d83,Intel(R) Xeon(R) Platinum 8259CL CPU @ 2.50GHz,24,58.2,41627.4,3,Tesla T4,4,0,26,19.86,0.0,9.5367431640625e-07,14.297667980194092,14.2976713180542,14.2976713180542
2025-05-08,15:25:40,whisper-large-ubi9-minimal_jfk-audio-rice-university-12-september-1962_cpu_basic_cold_dc960032,Intel(R) Xeon(R) Platinum 8259CL CPU @ 2.50GHz,24,50.9,33132.07,0,Tesla T4,4,0,27,13.73,0.0,1.1920928955078125e-06,1343.1077036857605,1343.107706785202,1343.107706785202
2025-05-08,15:25:40,whisper-large-ubi9-minimal_jfk-audio-rice-university-12-september-1962_cpu_basic_cold_dc960032,Intel(R) Xeon(R) Platinum 8259CL CPU @ 2.50GHz,24,50.9,33132.07,1,Tesla T4,4,0,26,14.57,0.0,1.1920928955078125e-06,1343.1077036857605,1343.107706785202,1343.107706785202
2025-05-08,15:25:40,whisper-large-ubi9-minimal_jfk-audio-rice-university-12-september-1962_cpu_basic_cold_dc960032,Intel(R) Xeon(R) Platinum 8259CL CPU @ 2.50GHz,24,50.9,33132.07,2,Tesla T4,4,0,27,19.76,0.0,1.1920928955078125e-06,1343.1077036857605,1343.107706785202,1343.107706785202
2025-05-08,15:25:40,whisper-large-ubi9-minimal_jfk-audio-rice-university-12-september-1962_cpu_basic_cold_dc960032,Intel(R) Xeon(R) Platinum 8259CL CPU @ 2.50GHz,24,50.9,33132.07,3,Tesla T4,4,0,26,19.76,0.0,1.1920928955078125e-06,1343.1077036857605,1343.107706785202,1343.107706785202
2025-05-08,15:25:41,whisper-large-ubi9-minimal_jfk-audio-rice-university-12-september-1962_cpu_basic_warm_be0768cd,Intel(R) Xeon(R) Platinum 8259CL CPU @ 2.50GHz,24,50.8,33133.6,0,Tesla T4,4,0,27,13.73,0.0,1.1920928955078125e-06,0.12930560111999512,0.12930989265441895,0.12930989265441895
2025-05-08,15:25:41,whisper-large-ubi9-minimal_jfk-audio-rice-university-12-september-1962_cpu_basic_warm_be0768cd,Intel(R) Xeon(R) Platinum 8259CL CPU @ 2.50GHz,24,50.8,33133.6,1,Tesla T4,4,0,26,13.59,0.0,1.1920928955078125e-06,0.12930560111999512,0.12930989265441895,0.12930989265441895
2025-05-08,15:25:41,whisper-large-ubi9-minimal_jfk-audio-rice-university-12-september-1962_cpu_basic_warm_be0768cd,Intel(R) Xeon(R) Platinum 8259CL CPU @ 2.50GHz,24,50.8,33133.6,2,Tesla T4,4,0,27,19.76,0.0,1.1920928955078125e-06,0.12930560111999512,0.12930989265441895,0.12930989265441895
2025-05-08,15:25:41,whisper-large-ubi9-minimal_jfk-audio-rice-university-12-september-1962_cpu_basic_warm_be0768cd,Intel(R) Xeon(R) Platinum 8259CL CPU @ 2.50GHz,24,50.8,33133.6,3,Tesla T4,4,0,26,19.76,0.0,1.1920928955078125e-06,0.12930560111999512,0.12930989265441895,0.12930989265441895
2025-05-08,15:25:41,whisper-large-ubi9-minimal_jfk-audio-rice-university-12-september-1962_cpu_hyperparam_cold_589457d6,Intel(R) Xeon(R) Platinum 8259CL CPU @ 2.50GHz,24,50.2,33429.41,0,Tesla T4,4,0,27,13.44,0.0,1.6689300537109375e-06,0.11218070983886719,0.11218476295471191,0.11218476295471191
2025-05-08,15:25:41,whisper-large-ubi9-minimal_jfk-audio-rice-university-12-september-1962_cpu_hyperparam_cold_589457d6,Intel(R) Xeon(R) Platinum 8259CL CPU @ 2.50GHz,24,50.2,33429.41,1,Tesla T4,4,0,26,13.73,0.0,1.6689300537109375e-06,0.11218070983886719,0.11218476295471191,0.11218476295471191
2025-05-08,15:25:41,whisper-large-ubi9-minimal_jfk-audio-rice-university-12-september-1962_cpu_hyperparam_cold_589457d6,Intel(R) Xeon(R) Platinum 8259CL CPU @ 2.50GHz,24,50.2,33429.41,2,Tesla T4,4,0,27,19.76,0.0,1.6689300537109375e-06,0.11218070983886719,0.11218476295471191,0.11218476295471191
2025-05-08,15:25:41,whisper-large-ubi9-minimal_jfk-audio-rice-university-12-september-1962_cpu_hyperparam_cold_589457d6,Intel(R) Xeon(R) Platinum 8259CL CPU @ 2.50GHz,24,50.2,33429.41,3,Tesla T4,4,0,26,19.76,0.0,1.6689300537109375e-06,0.11218070983886719,0.11218476295471191,0.11218476295471191
2025-05-08,15:25:42,whisper-large-ubi9-minimal_jfk-audio-rice-university-12-september-1962_cpu_hyperparam_warm_c58b8372,Intel(R) Xeon(R) Platinum 8259CL CPU @ 2.50GHz,24,49.9,33134.94,0,Tesla T4,4,0,27,14.43,0.0,1.9073486328125e-06,0.12142729759216309,0.12143182754516602,0.12143182754516602
2025-05-08,15:25:42,whisper-large-ubi9-minimal_jfk-audio-rice-university-12-september-1962_cpu_hyperparam_warm_c58b8372,Intel(R) Xeon(R) Platinum 8259CL CPU @ 2.50GHz,24,49.9,33134.94,1,Tesla T4,4,0,26,13.59,0.0,1.9073486328125e-06,0.12142729759216309,0.12143182754516602,0.12143182754516602
2025-05-08,15:25:42,whisper-large-ubi9-minimal_jfk-audio-rice-university-12-september-1962_cpu_hyperparam_warm_c58b8372,Intel(R) Xeon(R) Platinum 8259CL CPU @ 2.50GHz,24,49.9,33134.94,2,Tesla T4,4,0,27,19.76,0.0,1.9073486328125e-06,0.12142729759216309,0.12143182754516602,0.12143182754516602
2025-05-08,15:25:42,whisper-large-ubi9-minimal_jfk-audio-rice-university-12-september-1962_cpu_hyperparam_warm_c58b8372,Intel(R) Xeon(R) Platinum 8259CL CPU @ 2.50GHz,24,49.9,33134.94,3,Tesla T4,4,0,26,19.76,0.0,1.9073486328125e-06,0.12142729759216309,0.12143182754516602,0.12143182754516602
2025-05-08,15:25:42,whisper-turbo-ubi9-minimal_harvard_cpu_hyperparam_warm_60ebfe3d,Intel(R) Xeon(R) Platinum 8259CL CPU @ 2.50GHz,24,49.9,33242.11,0,Tesla T4,4,0,27,13.44,0.0,3.5762786865234375e-06,0.12362980842590332,0.12363624572753906,0.12363624572753906
2025-05-08,15:25:42,whisper-turbo-ubi9-minimal_harvard_cpu_hyperparam_warm_60ebfe3d,Intel(R) Xeon(R) Platinum 8259CL CPU @ 2.50GHz,24,49.9,33242.11,1,Tesla T4,4,0,26,13.59,0.0,3.5762786865234375e-06,0.12362980842590332,0.12363624572753906,0.12363624572753906
2025-05-08,15:25:42,whisper-turbo-ubi9-minimal_harvard_cpu_hyperparam_warm_60ebfe3d,Intel(R) Xeon(R) Platinum 8259CL CPU @ 2.50GHz,24,49.9,33242.11,2,Tesla T4,4,0,27,19.77,0.0,3.5762786865234375e-06,0.12362980842590332,0.12363624572753906,0.12363624572753906
2025-05-08,15:25:42,whisper-turbo-ubi9-minimal_harvard_cpu_hyperparam_warm_60ebfe3d,Intel(R) Xeon(R) Platinum 8259CL CPU @ 2.50GHz,24,49.9,33242.11,3,Tesla T4,4,0,26,19.77,0.0,3.5762786865234375e-06,0.12362980842590332,0.12363624572753906,0.12363624572753906
2025-05-08,15:25:43,whisper-turbo-ubi9-minimal_harvard_gpu_basic_cold_85299665,Intel(R) Xeon(R) Platinum 8259CL CPU @ 2.50GHz,24,50.3,32964.28,0,Tesla T4,4,0,27,13.71,0.0,1.6689300537109375e-06,0.13193321228027344,0.13193774223327637,0.13193774223327637
2025-05-08,15:25:43,whisper-turbo-ubi9-minimal_harvard_gpu_basic_cold_85299665,Intel(R) Xeon(R) Platinum 8259CL CPU @ 2.50GHz,24,50.3,32964.28,1,Tesla T4,4,0,26,14.43,0.0,1.6689300537109375e-06,0.13193321228027344,0.13193774223327637,0.13193774223327637
2025-05-08,15:25:43,whisper-turbo-ubi9-minimal_harvard_gpu_basic_cold_85299665,Intel(R) Xeon(R) Platinum 8259CL CPU @ 2.50GHz,24,50.3,32964.28,2,Tesla T4,4,0,27,19.74,0.0,1.6689300537109375e-06,0.13193321228027344,0.13193774223327637,0.13193774223327637
2025-05-08,15:25:43,whisper-turbo-ubi9-minimal_harvard_gpu_basic_cold_85299665,Intel(R) Xeon(R) Platinum 8259CL CPU @ 2.50GHz,24,50.3,32964.28,3,Tesla T4,4,0,26,19.74,0.0,1.6689300537109375e-06,0.13193321228027344,0.13193774223327637,0.13193774223327637
2025-05-08,15:25:43,whisper-turbo-ubi9-minimal_harvard_gpu_basic_warm_e7077804,Intel(R) Xeon(R) Platinum 8259CL CPU @ 2.50GHz,24,50.2,32976.67,0,Tesla T4,4,0,27,15.4,0.0,1.9073486328125e-06,0.12237739562988281,0.12238240242004395,0.12238240242004395
2025-05-08,15:25:43,whisper-turbo-ubi9-minimal_harvard_gpu_basic_warm_e7077804,Intel(R) Xeon(R) Platinum 8259CL CPU @ 2.50GHz,24,50.2,32976.67,1,Tesla T4,4,0,26,13.59,0.0,1.9073486328125e-06,0.12237739562988281,0.12238240242004395,0.12238240242004395
2025-05-08,15:25:43,whisper-turbo-ubi9-minimal_harvard_gpu_basic_warm_e7077804,Intel(R) Xeon(R) Platinum 8259CL CPU @ 2.50GHz,24,50.2,32976.67,2,Tesla T4,4,0,27,19.76,0.0,1.9073486328125e-06,0.12237739562988281,0.12238240242004395,0.12238240242004395
2025-05-08,15:25:43,whisper-turbo-ubi9-minimal_harvard_gpu_basic_warm_e7077804,Intel(R) Xeon(R) Platinum 8259CL CPU @ 2.50GHz,24,50.2,32976.67,3,Tesla T4,4,0,26,19.74,0.0,1.9073486328125e-06,0.12237739562988281,0.12238240242004395,0.12238240242004395
2025-05-08,15:25:44,whisper-turbo-ubi9-minimal_harvard_gpu_hyperparam_cold_eaa3872b,Intel(R) Xeon(R) Platinum 8259CL CPU @ 2.50GHz,24,50.2,33034.52,0,Tesla T4,4,0,27,14.0,0.0,3.0994415283203125e-06,0.12288451194763184,0.12289142608642578,0.12289142608642578
2025-05-08,15:25:44,whisper-turbo-ubi9-minimal_harvard_gpu_hyperparam_cold_eaa3872b,Intel(R) Xeon(R) Platinum 8259CL CPU @ 2.50GHz,24,50.2,33034.52,1,Tesla T4,4,0,26,13.73,0.0,3.0994415283203125e-06,0.12288451194763184,0.12289142608642578,0.12289142608642578
2025-05-08,15:25:44,whisper-turbo-ubi9-minimal_harvard_gpu_hyperparam_cold_eaa3872b,Intel(R) Xeon(R) Platinum 8259CL CPU @ 2.50GHz,24,50.2,33034.52,2,Tesla T4,4,0,27,19.77,0.0,3.0994415283203125e-06,0.12288451194763184,0.12289142608642578,0.12289142608642578
2025-05-08,15:25:44,whisper-turbo-ubi9-minimal_harvard_gpu_hyperparam_cold_eaa3872b,Intel(R) Xeon(R) Platinum 8259CL CPU @ 2.50GHz,24,50.2,33034.52,3,Tesla T4,4,0,26,19.77,0.0,3.0994415283203125e-06,0.12288451194763184,0.12289142608642578,0.12289142608642578
2025-05-08,15:27:45,whisper-turbo-ubi9-minimal_jfk-audio-inaugural-address-20-january-1961_cpu_basic_cold_44a6a8dd,Intel(R) Xeon(R) Platinum 8259CL CPU @ 2.50GHz,24,27.4,17613.61,0,Tesla T4,4,0,25,13.73,0.0,4.76837158203125e-06,120.393479347229,120.39349102973938,120.39349102973938
2025-05-08,15:27:45,whisper-turbo-ubi9-minimal_jfk-audio-inaugural-address-20-january-1961_cpu_basic_cold_44a6a8dd,Intel(R) Xeon(R) Platinum 8259CL CPU @ 2.50GHz,24,27.4,17613.61,1,Tesla T4,4,0,26,13.73,0.0,4.76837158203125e-06,120.393479347229,120.39349102973938,120.39349102973938
2025-05-08,15:27:45,whisper-turbo-ubi9-minimal_jfk-audio-inaugural-address-20-january-1961_cpu_basic_cold_44a6a8dd,Intel(R) Xeon(R) Platinum 8259CL CPU @ 2.50GHz,24,27.4,17613.61,2,Tesla T4,4,0,27,19.77,0.0,4.76837158203125e-06,120.393479347229,120.39349102973938,120.39349102973938
2025-05-08,15:27:45,whisper-turbo-ubi9-minimal_jfk-audio-inaugural-address-20-january-1961_cpu_basic_cold_44a6a8dd,Intel(R) Xeon(R) Platinum 8259CL CPU @ 2.50GHz,24,27.4,17613.61,3,Tesla T4,4,0,26,19.77,0.0,4.76837158203125e-06,120.393479347229,120.39349102973938,120.39349102973938
2025-05-08,15:27:45,whisper-turbo-ubi9-minimal_jfk-audio-inaugural-address-20-january-1961_cpu_basic_warm_ffa208b6,Intel(R) Xeon(R) Platinum 8259CL CPU @ 2.50GHz,24,25.2,17574.84,0,Tesla T4,4,0,25,13.86,0.0,9.5367431640625e-07,0.0625772476196289,0.06257963180541992,0.06257963180541992
2025-05-08,15:27:45,whisper-turbo-ubi9-minimal_jfk-audio-inaugural-address-20-january-1961_cpu_basic_warm_ffa208b6,Intel(R) Xeon(R) Platinum 8259CL CPU @ 2.50GHz,24,25.2,17574.84,1,Tesla T4,4,0,26,13.59,0.0,9.5367431640625e-07,0.0625772476196289,0.06257963180541992,0.06257963180541992
2025-05-08,15:27:45,whisper-turbo-ubi9-minimal_jfk-audio-inaugural-address-20-january-1961_cpu_basic_warm_ffa208b6,Intel(R) Xeon(R) Platinum 8259CL CPU @ 2.50GHz,24,25.2,17574.84,2,Tesla T4,4,0,27,19.77,0.0,9.5367431640625e-07,0.0625772476196289,0.06257963180541992,0.06257963180541992
2025-05-08,15:27:45,whisper-turbo-ubi9-minimal_jfk-audio-inaugural-address-20-january-1961_cpu_basic_warm_ffa208b6,Intel(R) Xeon(R) Platinum 8259CL CPU @ 2.50GHz,24,25.2,17574.84,3,Tesla T4,4,0,26,19.77,0.0,9.5367431640625e-07,0.0625772476196289,0.06257963180541992,0.06257963180541992
2025-05-08,15:27:46,whisper-turbo-ubi9-minimal_jfk-audio-inaugural-address-20-january-1961_cpu_hyperparam_cold_d640001a,Intel(R) Xeon(R) Platinum 8259CL CPU @ 2.50GHz,24,24.8,17515.42,0,Tesla T4,4,0,25,13.44,0.0,7.152557373046875e-07,0.05908036231994629,0.05908322334289551,0.05908322334289551
2025-05-08,15:27:46,whisper-turbo-ubi9-minimal_jfk-audio-inaugural-address-20-january-1961_cpu_hyperparam_cold_d640001a,Intel(R) Xeon(R) Platinum 8259CL CPU @ 2.50GHz,24,24.8,17515.42,1,Tesla T4,4,0,26,13.59,0.0,7.152557373046875e-07,0.05908036231994629,0.05908322334289551,0.05908322334289551
2025-05-08,15:27:46,whisper-turbo-ubi9-minimal_jfk-audio-inaugural-address-20-january-1961_cpu_hyperparam_cold_d640001a,Intel(R) Xeon(R) Platinum 8259CL CPU @ 2.50GHz,24,24.8,17515.42,2,Tesla T4,4,0,27,19.77,0.0,7.152557373046875e-07,0.05908036231994629,0.05908322334289551,0.05908322334289551
2025-05-08,15:27:46,whisper-turbo-ubi9-minimal_jfk-audio-inaugural-address-20-january-1961_cpu_hyperparam_cold_d640001a,Intel(R) Xeon(R) Platinum 8259CL CPU @ 2.50GHz,24,24.8,17515.42,3,Tesla T4,4,0,26,19.77,0.0,7.152557373046875e-07,0.05908036231994629,0.05908322334289551,0.05908322334289551
2025-05-08,15:27:46,whisper-turbo-ubi9-minimal_jfk-audio-inaugural-address-20-january-1961_cpu_hyperparam_warm_93137209,Intel(R) Xeon(R) Platinum 8259CL CPU @ 2.50GHz,24,25.1,17519.28,0,Tesla T4,4,0,25,13.73,0.0,4.76837158203125e-07,0.06122946739196777,0.061231374740600586,0.061231374740600586
2025-05-08,15:27:46,whisper-turbo-ubi9-minimal_jfk-audio-inaugural-address-20-january-1961_cpu_hyperparam_warm_93137209,Intel(R) Xeon(R) Platinum 8259CL CPU @ 2.50GHz,24,25.1,17519.28,1,Tesla T4,4,0,26,15.41,0.0,4.76837158203125e-07,0.06122946739196777,0.061231374740600586,0.061231374740600586
2025-05-08,15:27:46,whisper-turbo-ubi9-minimal_jfk-audio-inaugural-address-20-january-1961_cpu_hyperparam_warm_93137209,Intel(R) Xeon(R) Platinum 8259CL CPU @ 2.50GHz,24,25.1,17519.28,2,Tesla T4,4,0,27,19.77,0.0,4.76837158203125e-07,0.06122946739196777,0.061231374740600586,0.061231374740600586
2025-05-08,15:27:46,whisper-turbo-ubi9-minimal_jfk-audio-inaugural-address-20-january-1961_cpu_hyperparam_warm_93137209,Intel(R) Xeon(R) Platinum 8259CL CPU @ 2.50GHz,24,25.1,17519.28,3,Tesla T4,4,0,26,19.77,0.0,4.76837158203125e-07,0.06122946739196777,0.061231374740600586,0.061231374740600586
2025-05-08,15:31:49,whisper-turbo-ubi9-minimal_jfk-audio-rice-university-12-september-1962_cpu_basic_cold_c02dc810,Intel(R) Xeon(R) Platinum 8259CL CPU @ 2.50GHz,24,14.8,9826.54,0,Tesla T4,4,0,25,14.44,0.0,1.430511474609375e-06,242.51366090774536,242.51366353034973,242.51366353034973
2025-05-08,15:31:49,whisper-turbo-ubi9-minimal_jfk-audio-rice-university-12-september-1962_cpu_basic_cold_c02dc810,Intel(R) Xeon(R) Platinum 8259CL CPU @ 2.50GHz,24,14.8,9826.54,1,Tesla T4,4,0,26,14.01,0.0,1.430511474609375e-06,242.51366090774536,242.51366353034973,242.51366353034973
2025-05-08,15:31:49,whisper-turbo-ubi9-minimal_jfk-audio-rice-university-12-september-1962_cpu_basic_cold_c02dc810,Intel(R) Xeon(R) Platinum 8259CL CPU @ 2.50GHz,24,14.8,9826.54,2,Tesla T4,4,0,27,19.79,0.0,1.430511474609375e-06,242.51366090774536,242.51366353034973,242.51366353034973
2025-05-08,15:31:49,whisper-turbo-ubi9-minimal_jfk-audio-rice-university-12-september-1962_cpu_basic_cold_c02dc810,Intel(R) Xeon(R) Platinum 8259CL CPU @ 2.50GHz,24,14.8,9826.54,3,Tesla T4,4,0,26,19.79,0.0,1.430511474609375e-06,242.51366090774536,242.51366353034973,242.51366353034973
2025-05-08,15:32:34,whisper-turbo-ubi9-minimal_jfk-audio-rice-university-12-september-1962_cpu_basic_warm_be6766ac,Intel(R) Xeon(R) Platinum 8259CL CPU @ 2.50GHz,24,8.5,5796.11,0,Tesla T4,4,0,25,15.14,0.0,7.152557373046875e-07,44.31265568733215,44.312657833099365,44.312657833099365
2025-05-08,15:32:34,whisper-turbo-ubi9-minimal_jfk-audio-rice-university-12-september-1962_cpu_basic_warm_be6766ac,Intel(R) Xeon(R) Platinum 8259CL CPU @ 2.50GHz,24,8.5,5796.11,1,Tesla T4,4,0,26,13.89,0.0,7.152557373046875e-07,44.31265568733215,44.312657833099365,44.312657833099365
2025-05-08,15:32:34,whisper-turbo-ubi9-minimal_jfk-audio-rice-university-12-september-1962_cpu_basic_warm_be6766ac,Intel(R) Xeon(R) Platinum 8259CL CPU @ 2.50GHz,24,8.5,5796.11,2,Tesla T4,4,0,27,19.79,0.0,7.152557373046875e-07,44.31265568733215,44.312657833099365,44.312657833099365
2025-05-08,15:32:34,whisper-turbo-ubi9-minimal_jfk-audio-rice-university-12-september-1962_cpu_basic_warm_be6766ac,Intel(R) Xeon(R) Platinum 8259CL CPU @ 2.50GHz,24,8.5,5796.11,3,Tesla T4,4,0,26,19.79,0.0,7.152557373046875e-07,44.31265568733215,44.312657833099365,44.312657833099365
2025-05-08,15:34:49,whisper-turbo-ubi9-minimal_jfk-audio-rice-university-12-september-1962_cpu_hyperparam_cold_0cb81dd0,Intel(R) Xeon(R) Platinum 8259CL CPU @ 2.50GHz,24,2.3,2158.05,0,Tesla T4,4,0,25,13.46,0.0,7.152557373046875e-07,134.96458077430725,134.96458315849304,134.96458315849304
2025-05-08,15:34:49,whisper-turbo-ubi9-minimal_jfk-audio-rice-university-12-september-1962_cpu_hyperparam_cold_0cb81dd0,Intel(R) Xeon(R) Platinum 8259CL CPU @ 2.50GHz,24,2.3,2158.05,1,Tesla T4,4,0,26,13.74,0.0,7.152557373046875e-07,134.96458077430725,134.96458315849304,134.96458315849304
2025-05-08,15:34:49,whisper-turbo-ubi9-minimal_jfk-audio-rice-university-12-september-1962_cpu_hyperparam_cold_0cb81dd0,Intel(R) Xeon(R) Platinum 8259CL CPU @ 2.50GHz,24,2.3,2158.05,2,Tesla T4,4,0,27,19.8,0.0,7.152557373046875e-07,134.96458077430725,134.96458315849304,134.96458315849304
2025-05-08,15:34:49,whisper-turbo-ubi9-minimal_jfk-audio-rice-university-12-september-1962_cpu_hyperparam_cold_0cb81dd0,Intel(R) Xeon(R) Platinum 8259CL CPU @ 2.50GHz,24,2.3,2158.05,3,Tesla T4,4,0,26,19.64,0.0,7.152557373046875e-07,134.96458077430725,134.96458315849304,134.96458315849304
2025-05-08,15:34:50,whisper-turbo-ubi9-minimal_jfk-audio-rice-university-12-september-1962_cpu_hyperparam_warm_629d1872,Intel(R) Xeon(R) Platinum 8259CL CPU @ 2.50GHz,24,0.0,2137.83,0,Tesla T4,4,0,25,13.6,0.0,1.430511474609375e-06,0.04139447212219238,0.0413975715637207,0.0413975715637207
2025-05-08,15:34:50,whisper-turbo-ubi9-minimal_jfk-audio-rice-university-12-september-1962_cpu_hyperparam_warm_629d1872,Intel(R) Xeon(R) Platinum 8259CL CPU @ 2.50GHz,24,0.0,2137.83,1,Tesla T4,4,0,26,13.74,0.0,1.430511474609375e-06,0.04139447212219238,0.0413975715637207,0.0413975715637207
2025-05-08,15:34:50,whisper-turbo-ubi9-minimal_jfk-audio-rice-university-12-september-1962_cpu_hyperparam_warm_629d1872,Intel(R) Xeon(R) Platinum 8259CL CPU @ 2.50GHz,24,0.0,2137.83,2,Tesla T4,4,0,27,19.66,0.0,1.430511474609375e-06,0.04139447212219238,0.0413975715637207,0.0413975715637207
2025-05-08,15:34:50,whisper-turbo-ubi9-minimal_jfk-audio-rice-university-12-september-1962_cpu_hyperparam_warm_629d1872,Intel(R) Xeon(R) Platinum 8259CL CPU @ 2.50GHz,24,0.0,2137.83,3,Tesla T4,4,0,26,19.66,0.0,1.430511474609375e-06,0.04139447212219238,0.0413975715637207,0.0413975715637207
